sequence_text,y_true,y_pred
-0.0028 -0.0015 +0.0152 -0.0176 +0.0009 -0.0036 -0.0011 -0.0000 +0.0048 +0.0200 -0.0069 -0.0045 -0.0011 +0.0006 -0.0045 +0.0043 -0.0081 -0.0161 -0.0710 -0.0231 +0.0018 +0.0036 -0.0025 -0.0035 +0.0154 -0.0102 -0.0044 -0.0015 +0.0031 +0.0006,1,1
-0.0015 +0.0152 -0.0176 +0.0009 -0.0036 -0.0011 -0.0000 +0.0048 +0.0200 -0.0069 -0.0045 -0.0011 +0.0006 -0.0045 +0.0043 -0.0081 -0.0161 -0.0710 -0.0231 +0.0018 +0.0036 -0.0025 -0.0035 +0.0154 -0.0102 -0.0044 -0.0015 +0.0031 +0.0006 +0.0621,0,1
+0.0152 -0.0176 +0.0009 -0.0036 -0.0011 -0.0000 +0.0048 +0.0200 -0.0069 -0.0045 -0.0011 +0.0006 -0.0045 +0.0043 -0.0081 -0.0161 -0.0710 -0.0231 +0.0018 +0.0036 -0.0025 -0.0035 +0.0154 -0.0102 -0.0044 -0.0015 +0.0031 +0.0006 +0.0621 -0.0155,0,1
-0.0176 +0.0009 -0.0036 -0.0011 -0.0000 +0.0048 +0.0200 -0.0069 -0.0045 -0.0011 +0.0006 -0.0045 +0.0043 -0.0081 -0.0161 -0.0710 -0.0231 +0.0018 +0.0036 -0.0025 -0.0035 +0.0154 -0.0102 -0.0044 -0.0015 +0.0031 +0.0006 +0.0621 -0.0155 -0.0500,0,1
+0.0009 -0.0036 -0.0011 -0.0000 +0.0048 +0.0200 -0.0069 -0.0045 -0.0011 +0.0006 -0.0045 +0.0043 -0.0081 -0.0161 -0.0710 -0.0231 +0.0018 +0.0036 -0.0025 -0.0035 +0.0154 -0.0102 -0.0044 -0.0015 +0.0031 +0.0006 +0.0621 -0.0155 -0.0500 -0.0050,1,1
-0.0036 -0.0011 -0.0000 +0.0048 +0.0200 -0.0069 -0.0045 -0.0011 +0.0006 -0.0045 +0.0043 -0.0081 -0.0161 -0.0710 -0.0231 +0.0018 +0.0036 -0.0025 -0.0035 +0.0154 -0.0102 -0.0044 -0.0015 +0.0031 +0.0006 +0.0621 -0.0155 -0.0500 -0.0050 +0.0026,1,1
-0.0011 -0.0000 +0.0048 +0.0200 -0.0069 -0.0045 -0.0011 +0.0006 -0.0045 +0.0043 -0.0081 -0.0161 -0.0710 -0.0231 +0.0018 +0.0036 -0.0025 -0.0035 +0.0154 -0.0102 -0.0044 -0.0015 +0.0031 +0.0006 +0.0621 -0.0155 -0.0500 -0.0050 +0.0026 +0.0039,0,1
-0.0000 +0.0048 +0.0200 -0.0069 -0.0045 -0.0011 +0.0006 -0.0045 +0.0043 -0.0081 -0.0161 -0.0710 -0.0231 +0.0018 +0.0036 -0.0025 -0.0035 +0.0154 -0.0102 -0.0044 -0.0015 +0.0031 +0.0006 +0.0621 -0.0155 -0.0500 -0.0050 +0.0026 +0.0039 -0.0061,0,1
+0.0048 +0.0200 -0.0069 -0.0045 -0.0011 +0.0006 -0.0045 +0.0043 -0.0081 -0.0161 -0.0710 -0.0231 +0.0018 +0.0036 -0.0025 -0.0035 +0.0154 -0.0102 -0.0044 -0.0015 +0.0031 +0.0006 +0.0621 -0.0155 -0.0500 -0.0050 +0.0026 +0.0039 -0.0061 -0.0013,0,1
+0.0200 -0.0069 -0.0045 -0.0011 +0.0006 -0.0045 +0.0043 -0.0081 -0.0161 -0.0710 -0.0231 +0.0018 +0.0036 -0.0025 -0.0035 +0.0154 -0.0102 -0.0044 -0.0015 +0.0031 +0.0006 +0.0621 -0.0155 -0.0500 -0.0050 +0.0026 +0.0039 -0.0061 -0.0013 -0.0010,1,1
-0.0069 -0.0045 -0.0011 +0.0006 -0.0045 +0.0043 -0.0081 -0.0161 -0.0710 -0.0231 +0.0018 +0.0036 -0.0025 -0.0035 +0.0154 -0.0102 -0.0044 -0.0015 +0.0031 +0.0006 +0.0621 -0.0155 -0.0500 -0.0050 +0.0026 +0.0039 -0.0061 -0.0013 -0.0010 +0.0189,0,1
-0.0045 -0.0011 +0.0006 -0.0045 +0.0043 -0.0081 -0.0161 -0.0710 -0.0231 +0.0018 +0.0036 -0.0025 -0.0035 +0.0154 -0.0102 -0.0044 -0.0015 +0.0031 +0.0006 +0.0621 -0.0155 -0.0500 -0.0050 +0.0026 +0.0039 -0.0061 -0.0013 -0.0010 +0.0189 -0.0127,0,1
-0.0011 +0.0006 -0.0045 +0.0043 -0.0081 -0.0161 -0.0710 -0.0231 +0.0018 +0.0036 -0.0025 -0.0035 +0.0154 -0.0102 -0.0044 -0.0015 +0.0031 +0.0006 +0.0621 -0.0155 -0.0500 -0.0050 +0.0026 +0.0039 -0.0061 -0.0013 -0.0010 +0.0189 -0.0127 -0.0004,0,1
+0.0006 -0.0045 +0.0043 -0.0081 -0.0161 -0.0710 -0.0231 +0.0018 +0.0036 -0.0025 -0.0035 +0.0154 -0.0102 -0.0044 -0.0015 +0.0031 +0.0006 +0.0621 -0.0155 -0.0500 -0.0050 +0.0026 +0.0039 -0.0061 -0.0013 -0.0010 +0.0189 -0.0127 -0.0004 -0.0025,0,1
-0.0045 +0.0043 -0.0081 -0.0161 -0.0710 -0.0231 +0.0018 +0.0036 -0.0025 -0.0035 +0.0154 -0.0102 -0.0044 -0.0015 +0.0031 +0.0006 +0.0621 -0.0155 -0.0500 -0.0050 +0.0026 +0.0039 -0.0061 -0.0013 -0.0010 +0.0189 -0.0127 -0.0004 -0.0025 -0.0259,1,1
+0.0043 -0.0081 -0.0161 -0.0710 -0.0231 +0.0018 +0.0036 -0.0025 -0.0035 +0.0154 -0.0102 -0.0044 -0.0015 +0.0031 +0.0006 +0.0621 -0.0155 -0.0500 -0.0050 +0.0026 +0.0039 -0.0061 -0.0013 -0.0010 +0.0189 -0.0127 -0.0004 -0.0025 -0.0259 +0.0267,1,1
-0.0081 -0.0161 -0.0710 -0.0231 +0.0018 +0.0036 -0.0025 -0.0035 +0.0154 -0.0102 -0.0044 -0.0015 +0.0031 +0.0006 +0.0621 -0.0155 -0.0500 -0.0050 +0.0026 +0.0039 -0.0061 -0.0013 -0.0010 +0.0189 -0.0127 -0.0004 -0.0025 -0.0259 +0.0267 +0.0153,1,1
-0.0161 -0.0710 -0.0231 +0.0018 +0.0036 -0.0025 -0.0035 +0.0154 -0.0102 -0.0044 -0.0015 +0.0031 +0.0006 +0.0621 -0.0155 -0.0500 -0.0050 +0.0026 +0.0039 -0.0061 -0.0013 -0.0010 +0.0189 -0.0127 -0.0004 -0.0025 -0.0259 +0.0267 +0.0153 +0.0119,1,1
-0.0710 -0.0231 +0.0018 +0.0036 -0.0025 -0.0035 +0.0154 -0.0102 -0.0044 -0.0015 +0.0031 +0.0006 +0.0621 -0.0155 -0.0500 -0.0050 +0.0026 +0.0039 -0.0061 -0.0013 -0.0010 +0.0189 -0.0127 -0.0004 -0.0025 -0.0259 +0.0267 +0.0153 +0.0119 +0.0026,0,1
-0.0231 +0.0018 +0.0036 -0.0025 -0.0035 +0.0154 -0.0102 -0.0044 -0.0015 +0.0031 +0.0006 +0.0621 -0.0155 -0.0500 -0.0050 +0.0026 +0.0039 -0.0061 -0.0013 -0.0010 +0.0189 -0.0127 -0.0004 -0.0025 -0.0259 +0.0267 +0.0153 +0.0119 +0.0026 -0.0015,0,1
+0.0018 +0.0036 -0.0025 -0.0035 +0.0154 -0.0102 -0.0044 -0.0015 +0.0031 +0.0006 +0.0621 -0.0155 -0.0500 -0.0050 +0.0026 +0.0039 -0.0061 -0.0013 -0.0010 +0.0189 -0.0127 -0.0004 -0.0025 -0.0259 +0.0267 +0.0153 +0.0119 +0.0026 -0.0015 -0.0013,1,1
+0.0036 -0.0025 -0.0035 +0.0154 -0.0102 -0.0044 -0.0015 +0.0031 +0.0006 +0.0621 -0.0155 -0.0500 -0.0050 +0.0026 +0.0039 -0.0061 -0.0013 -0.0010 +0.0189 -0.0127 -0.0004 -0.0025 -0.0259 +0.0267 +0.0153 +0.0119 +0.0026 -0.0015 -0.0013 +0.0083,1,1
-0.0025 -0.0035 +0.0154 -0.0102 -0.0044 -0.0015 +0.0031 +0.0006 +0.0621 -0.0155 -0.0500 -0.0050 +0.0026 +0.0039 -0.0061 -0.0013 -0.0010 +0.0189 -0.0127 -0.0004 -0.0025 -0.0259 +0.0267 +0.0153 +0.0119 +0.0026 -0.0015 -0.0013 +0.0083 +0.0171,0,1
-0.0035 +0.0154 -0.0102 -0.0044 -0.0015 +0.0031 +0.0006 +0.0621 -0.0155 -0.0500 -0.0050 +0.0026 +0.0039 -0.0061 -0.0013 -0.0010 +0.0189 -0.0127 -0.0004 -0.0025 -0.0259 +0.0267 +0.0153 +0.0119 +0.0026 -0.0015 -0.0013 +0.0083 +0.0171 -0.0029,0,1
+0.0154 -0.0102 -0.0044 -0.0015 +0.0031 +0.0006 +0.0621 -0.0155 -0.0500 -0.0050 +0.0026 +0.0039 -0.0061 -0.0013 -0.0010 +0.0189 -0.0127 -0.0004 -0.0025 -0.0259 +0.0267 +0.0153 +0.0119 +0.0026 -0.0015 -0.0013 +0.0083 +0.0171 -0.0029 -0.0208,1,1
-0.0102 -0.0044 -0.0015 +0.0031 +0.0006 +0.0621 -0.0155 -0.0500 -0.0050 +0.0026 +0.0039 -0.0061 -0.0013 -0.0010 +0.0189 -0.0127 -0.0004 -0.0025 -0.0259 +0.0267 +0.0153 +0.0119 +0.0026 -0.0015 -0.0013 +0.0083 +0.0171 -0.0029 -0.0208 +0.0004,0,1
-0.0044 -0.0015 +0.0031 +0.0006 +0.0621 -0.0155 -0.0500 -0.0050 +0.0026 +0.0039 -0.0061 -0.0013 -0.0010 +0.0189 -0.0127 -0.0004 -0.0025 -0.0259 +0.0267 +0.0153 +0.0119 +0.0026 -0.0015 -0.0013 +0.0083 +0.0171 -0.0029 -0.0208 +0.0004 -0.0000,0,1
-0.0015 +0.0031 +0.0006 +0.0621 -0.0155 -0.0500 -0.0050 +0.0026 +0.0039 -0.0061 -0.0013 -0.0010 +0.0189 -0.0127 -0.0004 -0.0025 -0.0259 +0.0267 +0.0153 +0.0119 +0.0026 -0.0015 -0.0013 +0.0083 +0.0171 -0.0029 -0.0208 +0.0004 -0.0000 -0.0121,1,1
+0.0031 +0.0006 +0.0621 -0.0155 -0.0500 -0.0050 +0.0026 +0.0039 -0.0061 -0.0013 -0.0010 +0.0189 -0.0127 -0.0004 -0.0025 -0.0259 +0.0267 +0.0153 +0.0119 +0.0026 -0.0015 -0.0013 +0.0083 +0.0171 -0.0029 -0.0208 +0.0004 -0.0000 -0.0121 +0.0016,0,1
+0.0006 +0.0621 -0.0155 -0.0500 -0.0050 +0.0026 +0.0039 -0.0061 -0.0013 -0.0010 +0.0189 -0.0127 -0.0004 -0.0025 -0.0259 +0.0267 +0.0153 +0.0119 +0.0026 -0.0015 -0.0013 +0.0083 +0.0171 -0.0029 -0.0208 +0.0004 -0.0000 -0.0121 +0.0016 -0.0031,1,1
+0.0621 -0.0155 -0.0500 -0.0050 +0.0026 +0.0039 -0.0061 -0.0013 -0.0010 +0.0189 -0.0127 -0.0004 -0.0025 -0.0259 +0.0267 +0.0153 +0.0119 +0.0026 -0.0015 -0.0013 +0.0083 +0.0171 -0.0029 -0.0208 +0.0004 -0.0000 -0.0121 +0.0016 -0.0031 +0.0052,1,1
-0.0155 -0.0500 -0.0050 +0.0026 +0.0039 -0.0061 -0.0013 -0.0010 +0.0189 -0.0127 -0.0004 -0.0025 -0.0259 +0.0267 +0.0153 +0.0119 +0.0026 -0.0015 -0.0013 +0.0083 +0.0171 -0.0029 -0.0208 +0.0004 -0.0000 -0.0121 +0.0016 -0.0031 +0.0052 +0.0254,0,1
-0.0500 -0.0050 +0.0026 +0.0039 -0.0061 -0.0013 -0.0010 +0.0189 -0.0127 -0.0004 -0.0025 -0.0259 +0.0267 +0.0153 +0.0119 +0.0026 -0.0015 -0.0013 +0.0083 +0.0171 -0.0029 -0.0208 +0.0004 -0.0000 -0.0121 +0.0016 -0.0031 +0.0052 +0.0254 -0.0041,1,1
-0.0050 +0.0026 +0.0039 -0.0061 -0.0013 -0.0010 +0.0189 -0.0127 -0.0004 -0.0025 -0.0259 +0.0267 +0.0153 +0.0119 +0.0026 -0.0015 -0.0013 +0.0083 +0.0171 -0.0029 -0.0208 +0.0004 -0.0000 -0.0121 +0.0016 -0.0031 +0.0052 +0.0254 -0.0041 +0.0021,1,1
+0.0026 +0.0039 -0.0061 -0.0013 -0.0010 +0.0189 -0.0127 -0.0004 -0.0025 -0.0259 +0.0267 +0.0153 +0.0119 +0.0026 -0.0015 -0.0013 +0.0083 +0.0171 -0.0029 -0.0208 +0.0004 -0.0000 -0.0121 +0.0016 -0.0031 +0.0052 +0.0254 -0.0041 +0.0021 +0.0377,0,1
+0.0039 -0.0061 -0.0013 -0.0010 +0.0189 -0.0127 -0.0004 -0.0025 -0.0259 +0.0267 +0.0153 +0.0119 +0.0026 -0.0015 -0.0013 +0.0083 +0.0171 -0.0029 -0.0208 +0.0004 -0.0000 -0.0121 +0.0016 -0.0031 +0.0052 +0.0254 -0.0041 +0.0021 +0.0377 -0.0162,0,1
-0.0061 -0.0013 -0.0010 +0.0189 -0.0127 -0.0004 -0.0025 -0.0259 +0.0267 +0.0153 +0.0119 +0.0026 -0.0015 -0.0013 +0.0083 +0.0171 -0.0029 -0.0208 +0.0004 -0.0000 -0.0121 +0.0016 -0.0031 +0.0052 +0.0254 -0.0041 +0.0021 +0.0377 -0.0162 -0.0037,1,1
-0.0013 -0.0010 +0.0189 -0.0127 -0.0004 -0.0025 -0.0259 +0.0267 +0.0153 +0.0119 +0.0026 -0.0015 -0.0013 +0.0083 +0.0171 -0.0029 -0.0208 +0.0004 -0.0000 -0.0121 +0.0016 -0.0031 +0.0052 +0.0254 -0.0041 +0.0021 +0.0377 -0.0162 -0.0037 +0.0135,0,1
-0.0010 +0.0189 -0.0127 -0.0004 -0.0025 -0.0259 +0.0267 +0.0153 +0.0119 +0.0026 -0.0015 -0.0013 +0.0083 +0.0171 -0.0029 -0.0208 +0.0004 -0.0000 -0.0121 +0.0016 -0.0031 +0.0052 +0.0254 -0.0041 +0.0021 +0.0377 -0.0162 -0.0037 +0.0135 -0.0138,1,1
+0.0189 -0.0127 -0.0004 -0.0025 -0.0259 +0.0267 +0.0153 +0.0119 +0.0026 -0.0015 -0.0013 +0.0083 +0.0171 -0.0029 -0.0208 +0.0004 -0.0000 -0.0121 +0.0016 -0.0031 +0.0052 +0.0254 -0.0041 +0.0021 +0.0377 -0.0162 -0.0037 +0.0135 -0.0138 +0.0194,1,1
-0.0127 -0.0004 -0.0025 -0.0259 +0.0267 +0.0153 +0.0119 +0.0026 -0.0015 -0.0013 +0.0083 +0.0171 -0.0029 -0.0208 +0.0004 -0.0000 -0.0121 +0.0016 -0.0031 +0.0052 +0.0254 -0.0041 +0.0021 +0.0377 -0.0162 -0.0037 +0.0135 -0.0138 +0.0194 +0.0008,0,1
-0.0004 -0.0025 -0.0259 +0.0267 +0.0153 +0.0119 +0.0026 -0.0015 -0.0013 +0.0083 +0.0171 -0.0029 -0.0208 +0.0004 -0.0000 -0.0121 +0.0016 -0.0031 +0.0052 +0.0254 -0.0041 +0.0021 +0.0377 -0.0162 -0.0037 +0.0135 -0.0138 +0.0194 +0.0008 -0.0012,0,1
-0.0025 -0.0259 +0.0267 +0.0153 +0.0119 +0.0026 -0.0015 -0.0013 +0.0083 +0.0171 -0.0029 -0.0208 +0.0004 -0.0000 -0.0121 +0.0016 -0.0031 +0.0052 +0.0254 -0.0041 +0.0021 +0.0377 -0.0162 -0.0037 +0.0135 -0.0138 +0.0194 +0.0008 -0.0012 -0.0126,0,1
-0.0259 +0.0267 +0.0153 +0.0119 +0.0026 -0.0015 -0.0013 +0.0083 +0.0171 -0.0029 -0.0208 +0.0004 -0.0000 -0.0121 +0.0016 -0.0031 +0.0052 +0.0254 -0.0041 +0.0021 +0.0377 -0.0162 -0.0037 +0.0135 -0.0138 +0.0194 +0.0008 -0.0012 -0.0126 -0.0070,0,1
+0.0267 +0.0153 +0.0119 +0.0026 -0.0015 -0.0013 +0.0083 +0.0171 -0.0029 -0.0208 +0.0004 -0.0000 -0.0121 +0.0016 -0.0031 +0.0052 +0.0254 -0.0041 +0.0021 +0.0377 -0.0162 -0.0037 +0.0135 -0.0138 +0.0194 +0.0008 -0.0012 -0.0126 -0.0070 -0.0189,0,1
+0.0153 +0.0119 +0.0026 -0.0015 -0.0013 +0.0083 +0.0171 -0.0029 -0.0208 +0.0004 -0.0000 -0.0121 +0.0016 -0.0031 +0.0052 +0.0254 -0.0041 +0.0021 +0.0377 -0.0162 -0.0037 +0.0135 -0.0138 +0.0194 +0.0008 -0.0012 -0.0126 -0.0070 -0.0189 -0.0043,1,1
+0.0119 +0.0026 -0.0015 -0.0013 +0.0083 +0.0171 -0.0029 -0.0208 +0.0004 -0.0000 -0.0121 +0.0016 -0.0031 +0.0052 +0.0254 -0.0041 +0.0021 +0.0377 -0.0162 -0.0037 +0.0135 -0.0138 +0.0194 +0.0008 -0.0012 -0.0126 -0.0070 -0.0189 -0.0043 +0.0039,0,1
+0.0026 -0.0015 -0.0013 +0.0083 +0.0171 -0.0029 -0.0208 +0.0004 -0.0000 -0.0121 +0.0016 -0.0031 +0.0052 +0.0254 -0.0041 +0.0021 +0.0377 -0.0162 -0.0037 +0.0135 -0.0138 +0.0194 +0.0008 -0.0012 -0.0126 -0.0070 -0.0189 -0.0043 +0.0039 -0.0000,1,1
-0.0015 -0.0013 +0.0083 +0.0171 -0.0029 -0.0208 +0.0004 -0.0000 -0.0121 +0.0016 -0.0031 +0.0052 +0.0254 -0.0041 +0.0021 +0.0377 -0.0162 -0.0037 +0.0135 -0.0138 +0.0194 +0.0008 -0.0012 -0.0126 -0.0070 -0.0189 -0.0043 +0.0039 -0.0000 +0.0111,1,1
-0.0013 +0.0083 +0.0171 -0.0029 -0.0208 +0.0004 -0.0000 -0.0121 +0.0016 -0.0031 +0.0052 +0.0254 -0.0041 +0.0021 +0.0377 -0.0162 -0.0037 +0.0135 -0.0138 +0.0194 +0.0008 -0.0012 -0.0126 -0.0070 -0.0189 -0.0043 +0.0039 -0.0000 +0.0111 +0.0501,0,1
+0.0083 +0.0171 -0.0029 -0.0208 +0.0004 -0.0000 -0.0121 +0.0016 -0.0031 +0.0052 +0.0254 -0.0041 +0.0021 +0.0377 -0.0162 -0.0037 +0.0135 -0.0138 +0.0194 +0.0008 -0.0012 -0.0126 -0.0070 -0.0189 -0.0043 +0.0039 -0.0000 +0.0111 +0.0501 -0.0036,0,1
+0.0171 -0.0029 -0.0208 +0.0004 -0.0000 -0.0121 +0.0016 -0.0031 +0.0052 +0.0254 -0.0041 +0.0021 +0.0377 -0.0162 -0.0037 +0.0135 -0.0138 +0.0194 +0.0008 -0.0012 -0.0126 -0.0070 -0.0189 -0.0043 +0.0039 -0.0000 +0.0111 +0.0501 -0.0036 -0.0031,1,1
-0.0029 -0.0208 +0.0004 -0.0000 -0.0121 +0.0016 -0.0031 +0.0052 +0.0254 -0.0041 +0.0021 +0.0377 -0.0162 -0.0037 +0.0135 -0.0138 +0.0194 +0.0008 -0.0012 -0.0126 -0.0070 -0.0189 -0.0043 +0.0039 -0.0000 +0.0111 +0.0501 -0.0036 -0.0031 +0.0138,1,1
-0.0208 +0.0004 -0.0000 -0.0121 +0.0016 -0.0031 +0.0052 +0.0254 -0.0041 +0.0021 +0.0377 -0.0162 -0.0037 +0.0135 -0.0138 +0.0194 +0.0008 -0.0012 -0.0126 -0.0070 -0.0189 -0.0043 +0.0039 -0.0000 +0.0111 +0.0501 -0.0036 -0.0031 +0.0138 +0.0335,1,1
+0.0004 -0.0000 -0.0121 +0.0016 -0.0031 +0.0052 +0.0254 -0.0041 +0.0021 +0.0377 -0.0162 -0.0037 +0.0135 -0.0138 +0.0194 +0.0008 -0.0012 -0.0126 -0.0070 -0.0189 -0.0043 +0.0039 -0.0000 +0.0111 +0.0501 -0.0036 -0.0031 +0.0138 +0.0335 +0.0079,1,1
-0.0000 -0.0121 +0.0016 -0.0031 +0.0052 +0.0254 -0.0041 +0.0021 +0.0377 -0.0162 -0.0037 +0.0135 -0.0138 +0.0194 +0.0008 -0.0012 -0.0126 -0.0070 -0.0189 -0.0043 +0.0039 -0.0000 +0.0111 +0.0501 -0.0036 -0.0031 +0.0138 +0.0335 +0.0079 +0.0025,1,1
-0.0121 +0.0016 -0.0031 +0.0052 +0.0254 -0.0041 +0.0021 +0.0377 -0.0162 -0.0037 +0.0135 -0.0138 +0.0194 +0.0008 -0.0012 -0.0126 -0.0070 -0.0189 -0.0043 +0.0039 -0.0000 +0.0111 +0.0501 -0.0036 -0.0031 +0.0138 +0.0335 +0.0079 +0.0025 +0.1031,1,1
+0.0016 -0.0031 +0.0052 +0.0254 -0.0041 +0.0021 +0.0377 -0.0162 -0.0037 +0.0135 -0.0138 +0.0194 +0.0008 -0.0012 -0.0126 -0.0070 -0.0189 -0.0043 +0.0039 -0.0000 +0.0111 +0.0501 -0.0036 -0.0031 +0.0138 +0.0335 +0.0079 +0.0025 +0.1031 +0.0246,1,1
-0.0031 +0.0052 +0.0254 -0.0041 +0.0021 +0.0377 -0.0162 -0.0037 +0.0135 -0.0138 +0.0194 +0.0008 -0.0012 -0.0126 -0.0070 -0.0189 -0.0043 +0.0039 -0.0000 +0.0111 +0.0501 -0.0036 -0.0031 +0.0138 +0.0335 +0.0079 +0.0025 +0.1031 +0.0246 +0.0177,0,1
+0.0052 +0.0254 -0.0041 +0.0021 +0.0377 -0.0162 -0.0037 +0.0135 -0.0138 +0.0194 +0.0008 -0.0012 -0.0126 -0.0070 -0.0189 -0.0043 +0.0039 -0.0000 +0.0111 +0.0501 -0.0036 -0.0031 +0.0138 +0.0335 +0.0079 +0.0025 +0.1031 +0.0246 +0.0177 -0.0100,0,1
+0.0254 -0.0041 +0.0021 +0.0377 -0.0162 -0.0037 +0.0135 -0.0138 +0.0194 +0.0008 -0.0012 -0.0126 -0.0070 -0.0189 -0.0043 +0.0039 -0.0000 +0.0111 +0.0501 -0.0036 -0.0031 +0.0138 +0.0335 +0.0079 +0.0025 +0.1031 +0.0246 +0.0177 -0.0100 -0.0072,1,1
-0.0041 +0.0021 +0.0377 -0.0162 -0.0037 +0.0135 -0.0138 +0.0194 +0.0008 -0.0012 -0.0126 -0.0070 -0.0189 -0.0043 +0.0039 -0.0000 +0.0111 +0.0501 -0.0036 -0.0031 +0.0138 +0.0335 +0.0079 +0.0025 +0.1031 +0.0246 +0.0177 -0.0100 -0.0072 +0.0053,1,1
+0.0021 +0.0377 -0.0162 -0.0037 +0.0135 -0.0138 +0.0194 +0.0008 -0.0012 -0.0126 -0.0070 -0.0189 -0.0043 +0.0039 -0.0000 +0.0111 +0.0501 -0.0036 -0.0031 +0.0138 +0.0335 +0.0079 +0.0025 +0.1031 +0.0246 +0.0177 -0.0100 -0.0072 +0.0053 +0.0132,0,1
+0.0377 -0.0162 -0.0037 +0.0135 -0.0138 +0.0194 +0.0008 -0.0012 -0.0126 -0.0070 -0.0189 -0.0043 +0.0039 -0.0000 +0.0111 +0.0501 -0.0036 -0.0031 +0.0138 +0.0335 +0.0079 +0.0025 +0.1031 +0.0246 +0.0177 -0.0100 -0.0072 +0.0053 +0.0132 -0.0010,1,1
-0.0162 -0.0037 +0.0135 -0.0138 +0.0194 +0.0008 -0.0012 -0.0126 -0.0070 -0.0189 -0.0043 +0.0039 -0.0000 +0.0111 +0.0501 -0.0036 -0.0031 +0.0138 +0.0335 +0.0079 +0.0025 +0.1031 +0.0246 +0.0177 -0.0100 -0.0072 +0.0053 +0.0132 -0.0010 +0.0048,1,1
-0.0037 +0.0135 -0.0138 +0.0194 +0.0008 -0.0012 -0.0126 -0.0070 -0.0189 -0.0043 +0.0039 -0.0000 +0.0111 +0.0501 -0.0036 -0.0031 +0.0138 +0.0335 +0.0079 +0.0025 +0.1031 +0.0246 +0.0177 -0.0100 -0.0072 +0.0053 +0.0132 -0.0010 +0.0048 +0.0222,0,1
+0.0135 -0.0138 +0.0194 +0.0008 -0.0012 -0.0126 -0.0070 -0.0189 -0.0043 +0.0039 -0.0000 +0.0111 +0.0501 -0.0036 -0.0031 +0.0138 +0.0335 +0.0079 +0.0025 +0.1031 +0.0246 +0.0177 -0.0100 -0.0072 +0.0053 +0.0132 -0.0010 +0.0048 +0.0222 -0.0141,0,1
-0.0138 +0.0194 +0.0008 -0.0012 -0.0126 -0.0070 -0.0189 -0.0043 +0.0039 -0.0000 +0.0111 +0.0501 -0.0036 -0.0031 +0.0138 +0.0335 +0.0079 +0.0025 +0.1031 +0.0246 +0.0177 -0.0100 -0.0072 +0.0053 +0.0132 -0.0010 +0.0048 +0.0222 -0.0141 -0.0059,1,1
+0.0194 +0.0008 -0.0012 -0.0126 -0.0070 -0.0189 -0.0043 +0.0039 -0.0000 +0.0111 +0.0501 -0.0036 -0.0031 +0.0138 +0.0335 +0.0079 +0.0025 +0.1031 +0.0246 +0.0177 -0.0100 -0.0072 +0.0053 +0.0132 -0.0010 +0.0048 +0.0222 -0.0141 -0.0059 +0.0101,0,1
+0.0008 -0.0012 -0.0126 -0.0070 -0.0189 -0.0043 +0.0039 -0.0000 +0.0111 +0.0501 -0.0036 -0.0031 +0.0138 +0.0335 +0.0079 +0.0025 +0.1031 +0.0246 +0.0177 -0.0100 -0.0072 +0.0053 +0.0132 -0.0010 +0.0048 +0.0222 -0.0141 -0.0059 +0.0101 -0.0009,0,1
-0.0012 -0.0126 -0.0070 -0.0189 -0.0043 +0.0039 -0.0000 +0.0111 +0.0501 -0.0036 -0.0031 +0.0138 +0.0335 +0.0079 +0.0025 +0.1031 +0.0246 +0.0177 -0.0100 -0.0072 +0.0053 +0.0132 -0.0010 +0.0048 +0.0222 -0.0141 -0.0059 +0.0101 -0.0009 -0.0003,1,1
-0.0126 -0.0070 -0.0189 -0.0043 +0.0039 -0.0000 +0.0111 +0.0501 -0.0036 -0.0031 +0.0138 +0.0335 +0.0079 +0.0025 +0.1031 +0.0246 +0.0177 -0.0100 -0.0072 +0.0053 +0.0132 -0.0010 +0.0048 +0.0222 -0.0141 -0.0059 +0.0101 -0.0009 -0.0003 +0.0116,1,1
-0.0070 -0.0189 -0.0043 +0.0039 -0.0000 +0.0111 +0.0501 -0.0036 -0.0031 +0.0138 +0.0335 +0.0079 +0.0025 +0.1031 +0.0246 +0.0177 -0.0100 -0.0072 +0.0053 +0.0132 -0.0010 +0.0048 +0.0222 -0.0141 -0.0059 +0.0101 -0.0009 -0.0003 +0.0116 +0.0060,1,1
-0.0189 -0.0043 +0.0039 -0.0000 +0.0111 +0.0501 -0.0036 -0.0031 +0.0138 +0.0335 +0.0079 +0.0025 +0.1031 +0.0246 +0.0177 -0.0100 -0.0072 +0.0053 +0.0132 -0.0010 +0.0048 +0.0222 -0.0141 -0.0059 +0.0101 -0.0009 -0.0003 +0.0116 +0.0060 +0.0291,1,1
-0.0043 +0.0039 -0.0000 +0.0111 +0.0501 -0.0036 -0.0031 +0.0138 +0.0335 +0.0079 +0.0025 +0.1031 +0.0246 +0.0177 -0.0100 -0.0072 +0.0053 +0.0132 -0.0010 +0.0048 +0.0222 -0.0141 -0.0059 +0.0101 -0.0009 -0.0003 +0.0116 +0.0060 +0.0291 +0.0169,0,1
+0.0039 -0.0000 +0.0111 +0.0501 -0.0036 -0.0031 +0.0138 +0.0335 +0.0079 +0.0025 +0.1031 +0.0246 +0.0177 -0.0100 -0.0072 +0.0053 +0.0132 -0.0010 +0.0048 +0.0222 -0.0141 -0.0059 +0.0101 -0.0009 -0.0003 +0.0116 +0.0060 +0.0291 +0.0169 -0.0047,0,1
-0.0000 +0.0111 +0.0501 -0.0036 -0.0031 +0.0138 +0.0335 +0.0079 +0.0025 +0.1031 +0.0246 +0.0177 -0.0100 -0.0072 +0.0053 +0.0132 -0.0010 +0.0048 +0.0222 -0.0141 -0.0059 +0.0101 -0.0009 -0.0003 +0.0116 +0.0060 +0.0291 +0.0169 -0.0047 -0.0022,0,1
+0.0111 +0.0501 -0.0036 -0.0031 +0.0138 +0.0335 +0.0079 +0.0025 +0.1031 +0.0246 +0.0177 -0.0100 -0.0072 +0.0053 +0.0132 -0.0010 +0.0048 +0.0222 -0.0141 -0.0059 +0.0101 -0.0009 -0.0003 +0.0116 +0.0060 +0.0291 +0.0169 -0.0047 -0.0022 -0.0149,0,1
+0.0501 -0.0036 -0.0031 +0.0138 +0.0335 +0.0079 +0.0025 +0.1031 +0.0246 +0.0177 -0.0100 -0.0072 +0.0053 +0.0132 -0.0010 +0.0048 +0.0222 -0.0141 -0.0059 +0.0101 -0.0009 -0.0003 +0.0116 +0.0060 +0.0291 +0.0169 -0.0047 -0.0022 -0.0149 -0.0264,1,1
-0.0036 -0.0031 +0.0138 +0.0335 +0.0079 +0.0025 +0.1031 +0.0246 +0.0177 -0.0100 -0.0072 +0.0053 +0.0132 -0.0010 +0.0048 +0.0222 -0.0141 -0.0059 +0.0101 -0.0009 -0.0003 +0.0116 +0.0060 +0.0291 +0.0169 -0.0047 -0.0022 -0.0149 -0.0264 +0.0659,0,1
-0.0031 +0.0138 +0.0335 +0.0079 +0.0025 +0.1031 +0.0246 +0.0177 -0.0100 -0.0072 +0.0053 +0.0132 -0.0010 +0.0048 +0.0222 -0.0141 -0.0059 +0.0101 -0.0009 -0.0003 +0.0116 +0.0060 +0.0291 +0.0169 -0.0047 -0.0022 -0.0149 -0.0264 +0.0659 -0.0456,1,1
+0.0138 +0.0335 +0.0079 +0.0025 +0.1031 +0.0246 +0.0177 -0.0100 -0.0072 +0.0053 +0.0132 -0.0010 +0.0048 +0.0222 -0.0141 -0.0059 +0.0101 -0.0009 -0.0003 +0.0116 +0.0060 +0.0291 +0.0169 -0.0047 -0.0022 -0.0149 -0.0264 +0.0659 -0.0456 +0.0122,0,1
+0.0335 +0.0079 +0.0025 +0.1031 +0.0246 +0.0177 -0.0100 -0.0072 +0.0053 +0.0132 -0.0010 +0.0048 +0.0222 -0.0141 -0.0059 +0.0101 -0.0009 -0.0003 +0.0116 +0.0060 +0.0291 +0.0169 -0.0047 -0.0022 -0.0149 -0.0264 +0.0659 -0.0456 +0.0122 -0.0003,1,1
+0.0079 +0.0025 +0.1031 +0.0246 +0.0177 -0.0100 -0.0072 +0.0053 +0.0132 -0.0010 +0.0048 +0.0222 -0.0141 -0.0059 +0.0101 -0.0009 -0.0003 +0.0116 +0.0060 +0.0291 +0.0169 -0.0047 -0.0022 -0.0149 -0.0264 +0.0659 -0.0456 +0.0122 -0.0003 +0.0219,1,1
+0.0025 +0.1031 +0.0246 +0.0177 -0.0100 -0.0072 +0.0053 +0.0132 -0.0010 +0.0048 +0.0222 -0.0141 -0.0059 +0.0101 -0.0009 -0.0003 +0.0116 +0.0060 +0.0291 +0.0169 -0.0047 -0.0022 -0.0149 -0.0264 +0.0659 -0.0456 +0.0122 -0.0003 +0.0219 +0.0024,0,1
+0.1031 +0.0246 +0.0177 -0.0100 -0.0072 +0.0053 +0.0132 -0.0010 +0.0048 +0.0222 -0.0141 -0.0059 +0.0101 -0.0009 -0.0003 +0.0116 +0.0060 +0.0291 +0.0169 -0.0047 -0.0022 -0.0149 -0.0264 +0.0659 -0.0456 +0.0122 -0.0003 +0.0219 +0.0024 -0.0444,1,1
+0.0246 +0.0177 -0.0100 -0.0072 +0.0053 +0.0132 -0.0010 +0.0048 +0.0222 -0.0141 -0.0059 +0.0101 -0.0009 -0.0003 +0.0116 +0.0060 +0.0291 +0.0169 -0.0047 -0.0022 -0.0149 -0.0264 +0.0659 -0.0456 +0.0122 -0.0003 +0.0219 +0.0024 -0.0444 +0.0452,0,1
+0.0177 -0.0100 -0.0072 +0.0053 +0.0132 -0.0010 +0.0048 +0.0222 -0.0141 -0.0059 +0.0101 -0.0009 -0.0003 +0.0116 +0.0060 +0.0291 +0.0169 -0.0047 -0.0022 -0.0149 -0.0264 +0.0659 -0.0456 +0.0122 -0.0003 +0.0219 +0.0024 -0.0444 +0.0452 -0.0038,1,1
-0.0100 -0.0072 +0.0053 +0.0132 -0.0010 +0.0048 +0.0222 -0.0141 -0.0059 +0.0101 -0.0009 -0.0003 +0.0116 +0.0060 +0.0291 +0.0169 -0.0047 -0.0022 -0.0149 -0.0264 +0.0659 -0.0456 +0.0122 -0.0003 +0.0219 +0.0024 -0.0444 +0.0452 -0.0038 +0.0115,1,1
-0.0072 +0.0053 +0.0132 -0.0010 +0.0048 +0.0222 -0.0141 -0.0059 +0.0101 -0.0009 -0.0003 +0.0116 +0.0060 +0.0291 +0.0169 -0.0047 -0.0022 -0.0149 -0.0264 +0.0659 -0.0456 +0.0122 -0.0003 +0.0219 +0.0024 -0.0444 +0.0452 -0.0038 +0.0115 +0.0020,0,1
+0.0053 +0.0132 -0.0010 +0.0048 +0.0222 -0.0141 -0.0059 +0.0101 -0.0009 -0.0003 +0.0116 +0.0060 +0.0291 +0.0169 -0.0047 -0.0022 -0.0149 -0.0264 +0.0659 -0.0456 +0.0122 -0.0003 +0.0219 +0.0024 -0.0444 +0.0452 -0.0038 +0.0115 +0.0020 -0.0084,0,1
+0.0132 -0.0010 +0.0048 +0.0222 -0.0141 -0.0059 +0.0101 -0.0009 -0.0003 +0.0116 +0.0060 +0.0291 +0.0169 -0.0047 -0.0022 -0.0149 -0.0264 +0.0659 -0.0456 +0.0122 -0.0003 +0.0219 +0.0024 -0.0444 +0.0452 -0.0038 +0.0115 +0.0020 -0.0084 -0.0060,1,1
-0.0010 +0.0048 +0.0222 -0.0141 -0.0059 +0.0101 -0.0009 -0.0003 +0.0116 +0.0060 +0.0291 +0.0169 -0.0047 -0.0022 -0.0149 -0.0264 +0.0659 -0.0456 +0.0122 -0.0003 +0.0219 +0.0024 -0.0444 +0.0452 -0.0038 +0.0115 +0.0020 -0.0084 -0.0060 +0.0155,1,1
+0.0048 +0.0222 -0.0141 -0.0059 +0.0101 -0.0009 -0.0003 +0.0116 +0.0060 +0.0291 +0.0169 -0.0047 -0.0022 -0.0149 -0.0264 +0.0659 -0.0456 +0.0122 -0.0003 +0.0219 +0.0024 -0.0444 +0.0452 -0.0038 +0.0115 +0.0020 -0.0084 -0.0060 +0.0155 +0.0007,0,1
+0.0222 -0.0141 -0.0059 +0.0101 -0.0009 -0.0003 +0.0116 +0.0060 +0.0291 +0.0169 -0.0047 -0.0022 -0.0149 -0.0264 +0.0659 -0.0456 +0.0122 -0.0003 +0.0219 +0.0024 -0.0444 +0.0452 -0.0038 +0.0115 +0.0020 -0.0084 -0.0060 +0.0155 +0.0007 -0.0038,1,1
-0.0141 -0.0059 +0.0101 -0.0009 -0.0003 +0.0116 +0.0060 +0.0291 +0.0169 -0.0047 -0.0022 -0.0149 -0.0264 +0.0659 -0.0456 +0.0122 -0.0003 +0.0219 +0.0024 -0.0444 +0.0452 -0.0038 +0.0115 +0.0020 -0.0084 -0.0060 +0.0155 +0.0007 -0.0038 +0.0259,1,1
-0.0059 +0.0101 -0.0009 -0.0003 +0.0116 +0.0060 +0.0291 +0.0169 -0.0047 -0.0022 -0.0149 -0.0264 +0.0659 -0.0456 +0.0122 -0.0003 +0.0219 +0.0024 -0.0444 +0.0452 -0.0038 +0.0115 +0.0020 -0.0084 -0.0060 +0.0155 +0.0007 -0.0038 +0.0259 +0.0204,1,1
+0.0101 -0.0009 -0.0003 +0.0116 +0.0060 +0.0291 +0.0169 -0.0047 -0.0022 -0.0149 -0.0264 +0.0659 -0.0456 +0.0122 -0.0003 +0.0219 +0.0024 -0.0444 +0.0452 -0.0038 +0.0115 +0.0020 -0.0084 -0.0060 +0.0155 +0.0007 -0.0038 +0.0259 +0.0204 +0.0127,1,1
-0.0009 -0.0003 +0.0116 +0.0060 +0.0291 +0.0169 -0.0047 -0.0022 -0.0149 -0.0264 +0.0659 -0.0456 +0.0122 -0.0003 +0.0219 +0.0024 -0.0444 +0.0452 -0.0038 +0.0115 +0.0020 -0.0084 -0.0060 +0.0155 +0.0007 -0.0038 +0.0259 +0.0204 +0.0127 +0.0501,1,1
-0.0003 +0.0116 +0.0060 +0.0291 +0.0169 -0.0047 -0.0022 -0.0149 -0.0264 +0.0659 -0.0456 +0.0122 -0.0003 +0.0219 +0.0024 -0.0444 +0.0452 -0.0038 +0.0115 +0.0020 -0.0084 -0.0060 +0.0155 +0.0007 -0.0038 +0.0259 +0.0204 +0.0127 +0.0501 +0.0500,0,1
+0.0116 +0.0060 +0.0291 +0.0169 -0.0047 -0.0022 -0.0149 -0.0264 +0.0659 -0.0456 +0.0122 -0.0003 +0.0219 +0.0024 -0.0444 +0.0452 -0.0038 +0.0115 +0.0020 -0.0084 -0.0060 +0.0155 +0.0007 -0.0038 +0.0259 +0.0204 +0.0127 +0.0501 +0.0500 -0.0076,0,1
+0.0060 +0.0291 +0.0169 -0.0047 -0.0022 -0.0149 -0.0264 +0.0659 -0.0456 +0.0122 -0.0003 +0.0219 +0.0024 -0.0444 +0.0452 -0.0038 +0.0115 +0.0020 -0.0084 -0.0060 +0.0155 +0.0007 -0.0038 +0.0259 +0.0204 +0.0127 +0.0501 +0.0500 -0.0076 -0.0104,1,1
+0.0291 +0.0169 -0.0047 -0.0022 -0.0149 -0.0264 +0.0659 -0.0456 +0.0122 -0.0003 +0.0219 +0.0024 -0.0444 +0.0452 -0.0038 +0.0115 +0.0020 -0.0084 -0.0060 +0.0155 +0.0007 -0.0038 +0.0259 +0.0204 +0.0127 +0.0501 +0.0500 -0.0076 -0.0104 +0.0202,0,1
+0.0169 -0.0047 -0.0022 -0.0149 -0.0264 +0.0659 -0.0456 +0.0122 -0.0003 +0.0219 +0.0024 -0.0444 +0.0452 -0.0038 +0.0115 +0.0020 -0.0084 -0.0060 +0.0155 +0.0007 -0.0038 +0.0259 +0.0204 +0.0127 +0.0501 +0.0500 -0.0076 -0.0104 +0.0202 -0.0100,1,1
-0.0047 -0.0022 -0.0149 -0.0264 +0.0659 -0.0456 +0.0122 -0.0003 +0.0219 +0.0024 -0.0444 +0.0452 -0.0038 +0.0115 +0.0020 -0.0084 -0.0060 +0.0155 +0.0007 -0.0038 +0.0259 +0.0204 +0.0127 +0.0501 +0.0500 -0.0076 -0.0104 +0.0202 -0.0100 +0.0012,0,1
-0.0022 -0.0149 -0.0264 +0.0659 -0.0456 +0.0122 -0.0003 +0.0219 +0.0024 -0.0444 +0.0452 -0.0038 +0.0115 +0.0020 -0.0084 -0.0060 +0.0155 +0.0007 -0.0038 +0.0259 +0.0204 +0.0127 +0.0501 +0.0500 -0.0076 -0.0104 +0.0202 -0.0100 +0.0012 -0.0579,1,1
-0.0149 -0.0264 +0.0659 -0.0456 +0.0122 -0.0003 +0.0219 +0.0024 -0.0444 +0.0452 -0.0038 +0.0115 +0.0020 -0.0084 -0.0060 +0.0155 +0.0007 -0.0038 +0.0259 +0.0204 +0.0127 +0.0501 +0.0500 -0.0076 -0.0104 +0.0202 -0.0100 +0.0012 -0.0579 +0.0050,1,1
-0.0264 +0.0659 -0.0456 +0.0122 -0.0003 +0.0219 +0.0024 -0.0444 +0.0452 -0.0038 +0.0115 +0.0020 -0.0084 -0.0060 +0.0155 +0.0007 -0.0038 +0.0259 +0.0204 +0.0127 +0.0501 +0.0500 -0.0076 -0.0104 +0.0202 -0.0100 +0.0012 -0.0579 +0.0050 +0.0348,1,1
+0.0659 -0.0456 +0.0122 -0.0003 +0.0219 +0.0024 -0.0444 +0.0452 -0.0038 +0.0115 +0.0020 -0.0084 -0.0060 +0.0155 +0.0007 -0.0038 +0.0259 +0.0204 +0.0127 +0.0501 +0.0500 -0.0076 -0.0104 +0.0202 -0.0100 +0.0012 -0.0579 +0.0050 +0.0348 +0.0031,0,1
-0.0456 +0.0122 -0.0003 +0.0219 +0.0024 -0.0444 +0.0452 -0.0038 +0.0115 +0.0020 -0.0084 -0.0060 +0.0155 +0.0007 -0.0038 +0.0259 +0.0204 +0.0127 +0.0501 +0.0500 -0.0076 -0.0104 +0.0202 -0.0100 +0.0012 -0.0579 +0.0050 +0.0348 +0.0031 -0.0254,1,1
+0.0122 -0.0003 +0.0219 +0.0024 -0.0444 +0.0452 -0.0038 +0.0115 +0.0020 -0.0084 -0.0060 +0.0155 +0.0007 -0.0038 +0.0259 +0.0204 +0.0127 +0.0501 +0.0500 -0.0076 -0.0104 +0.0202 -0.0100 +0.0012 -0.0579 +0.0050 +0.0348 +0.0031 -0.0254 +0.0074,0,1
-0.0003 +0.0219 +0.0024 -0.0444 +0.0452 -0.0038 +0.0115 +0.0020 -0.0084 -0.0060 +0.0155 +0.0007 -0.0038 +0.0259 +0.0204 +0.0127 +0.0501 +0.0500 -0.0076 -0.0104 +0.0202 -0.0100 +0.0012 -0.0579 +0.0050 +0.0348 +0.0031 -0.0254 +0.0074 -0.0207,1,1
+0.0219 +0.0024 -0.0444 +0.0452 -0.0038 +0.0115 +0.0020 -0.0084 -0.0060 +0.0155 +0.0007 -0.0038 +0.0259 +0.0204 +0.0127 +0.0501 +0.0500 -0.0076 -0.0104 +0.0202 -0.0100 +0.0012 -0.0579 +0.0050 +0.0348 +0.0031 -0.0254 +0.0074 -0.0207 +0.0304,0,1
+0.0024 -0.0444 +0.0452 -0.0038 +0.0115 +0.0020 -0.0084 -0.0060 +0.0155 +0.0007 -0.0038 +0.0259 +0.0204 +0.0127 +0.0501 +0.0500 -0.0076 -0.0104 +0.0202 -0.0100 +0.0012 -0.0579 +0.0050 +0.0348 +0.0031 -0.0254 +0.0074 -0.0207 +0.0304 -0.0083,1,1
-0.0444 +0.0452 -0.0038 +0.0115 +0.0020 -0.0084 -0.0060 +0.0155 +0.0007 -0.0038 +0.0259 +0.0204 +0.0127 +0.0501 +0.0500 -0.0076 -0.0104 +0.0202 -0.0100 +0.0012 -0.0579 +0.0050 +0.0348 +0.0031 -0.0254 +0.0074 -0.0207 +0.0304 -0.0083 +0.0327,1,1
+0.0452 -0.0038 +0.0115 +0.0020 -0.0084 -0.0060 +0.0155 +0.0007 -0.0038 +0.0259 +0.0204 +0.0127 +0.0501 +0.0500 -0.0076 -0.0104 +0.0202 -0.0100 +0.0012 -0.0579 +0.0050 +0.0348 +0.0031 -0.0254 +0.0074 -0.0207 +0.0304 -0.0083 +0.0327 +0.0050,1,1
-0.0038 +0.0115 +0.0020 -0.0084 -0.0060 +0.0155 +0.0007 -0.0038 +0.0259 +0.0204 +0.0127 +0.0501 +0.0500 -0.0076 -0.0104 +0.0202 -0.0100 +0.0012 -0.0579 +0.0050 +0.0348 +0.0031 -0.0254 +0.0074 -0.0207 +0.0304 -0.0083 +0.0327 +0.0050 +0.0029,0,1
+0.0115 +0.0020 -0.0084 -0.0060 +0.0155 +0.0007 -0.0038 +0.0259 +0.0204 +0.0127 +0.0501 +0.0500 -0.0076 -0.0104 +0.0202 -0.0100 +0.0012 -0.0579 +0.0050 +0.0348 +0.0031 -0.0254 +0.0074 -0.0207 +0.0304 -0.0083 +0.0327 +0.0050 +0.0029 -0.0059,0,1
+0.0020 -0.0084 -0.0060 +0.0155 +0.0007 -0.0038 +0.0259 +0.0204 +0.0127 +0.0501 +0.0500 -0.0076 -0.0104 +0.0202 -0.0100 +0.0012 -0.0579 +0.0050 +0.0348 +0.0031 -0.0254 +0.0074 -0.0207 +0.0304 -0.0083 +0.0327 +0.0050 +0.0029 -0.0059 -0.0165,1,1
-0.0084 -0.0060 +0.0155 +0.0007 -0.0038 +0.0259 +0.0204 +0.0127 +0.0501 +0.0500 -0.0076 -0.0104 +0.0202 -0.0100 +0.0012 -0.0579 +0.0050 +0.0348 +0.0031 -0.0254 +0.0074 -0.0207 +0.0304 -0.0083 +0.0327 +0.0050 +0.0029 -0.0059 -0.0165 +0.0139,0,1
-0.0060 +0.0155 +0.0007 -0.0038 +0.0259 +0.0204 +0.0127 +0.0501 +0.0500 -0.0076 -0.0104 +0.0202 -0.0100 +0.0012 -0.0579 +0.0050 +0.0348 +0.0031 -0.0254 +0.0074 -0.0207 +0.0304 -0.0083 +0.0327 +0.0050 +0.0029 -0.0059 -0.0165 +0.0139 -0.0251,1,1
+0.0155 +0.0007 -0.0038 +0.0259 +0.0204 +0.0127 +0.0501 +0.0500 -0.0076 -0.0104 +0.0202 -0.0100 +0.0012 -0.0579 +0.0050 +0.0348 +0.0031 -0.0254 +0.0074 -0.0207 +0.0304 -0.0083 +0.0327 +0.0050 +0.0029 -0.0059 -0.0165 +0.0139 -0.0251 +0.0217,0,1
+0.0007 -0.0038 +0.0259 +0.0204 +0.0127 +0.0501 +0.0500 -0.0076 -0.0104 +0.0202 -0.0100 +0.0012 -0.0579 +0.0050 +0.0348 +0.0031 -0.0254 +0.0074 -0.0207 +0.0304 -0.0083 +0.0327 +0.0050 +0.0029 -0.0059 -0.0165 +0.0139 -0.0251 +0.0217 -0.0188,0,1
-0.0038 +0.0259 +0.0204 +0.0127 +0.0501 +0.0500 -0.0076 -0.0104 +0.0202 -0.0100 +0.0012 -0.0579 +0.0050 +0.0348 +0.0031 -0.0254 +0.0074 -0.0207 +0.0304 -0.0083 +0.0327 +0.0050 +0.0029 -0.0059 -0.0165 +0.0139 -0.0251 +0.0217 -0.0188 -0.0124,1,1
+0.0259 +0.0204 +0.0127 +0.0501 +0.0500 -0.0076 -0.0104 +0.0202 -0.0100 +0.0012 -0.0579 +0.0050 +0.0348 +0.0031 -0.0254 +0.0074 -0.0207 +0.0304 -0.0083 +0.0327 +0.0050 +0.0029 -0.0059 -0.0165 +0.0139 -0.0251 +0.0217 -0.0188 -0.0124 +0.0014,1,1
+0.0204 +0.0127 +0.0501 +0.0500 -0.0076 -0.0104 +0.0202 -0.0100 +0.0012 -0.0579 +0.0050 +0.0348 +0.0031 -0.0254 +0.0074 -0.0207 +0.0304 -0.0083 +0.0327 +0.0050 +0.0029 -0.0059 -0.0165 +0.0139 -0.0251 +0.0217 -0.0188 -0.0124 +0.0014 +0.0026,1,1
+0.0127 +0.0501 +0.0500 -0.0076 -0.0104 +0.0202 -0.0100 +0.0012 -0.0579 +0.0050 +0.0348 +0.0031 -0.0254 +0.0074 -0.0207 +0.0304 -0.0083 +0.0327 +0.0050 +0.0029 -0.0059 -0.0165 +0.0139 -0.0251 +0.0217 -0.0188 -0.0124 +0.0014 +0.0026 +0.0450,1,1
+0.0501 +0.0500 -0.0076 -0.0104 +0.0202 -0.0100 +0.0012 -0.0579 +0.0050 +0.0348 +0.0031 -0.0254 +0.0074 -0.0207 +0.0304 -0.0083 +0.0327 +0.0050 +0.0029 -0.0059 -0.0165 +0.0139 -0.0251 +0.0217 -0.0188 -0.0124 +0.0014 +0.0026 +0.0450 +0.0179,0,1
+0.0500 -0.0076 -0.0104 +0.0202 -0.0100 +0.0012 -0.0579 +0.0050 +0.0348 +0.0031 -0.0254 +0.0074 -0.0207 +0.0304 -0.0083 +0.0327 +0.0050 +0.0029 -0.0059 -0.0165 +0.0139 -0.0251 +0.0217 -0.0188 -0.0124 +0.0014 +0.0026 +0.0450 +0.0179 -0.0469,1,1
-0.0076 -0.0104 +0.0202 -0.0100 +0.0012 -0.0579 +0.0050 +0.0348 +0.0031 -0.0254 +0.0074 -0.0207 +0.0304 -0.0083 +0.0327 +0.0050 +0.0029 -0.0059 -0.0165 +0.0139 -0.0251 +0.0217 -0.0188 -0.0124 +0.0014 +0.0026 +0.0450 +0.0179 -0.0469 +0.0311,0,1
-0.0104 +0.0202 -0.0100 +0.0012 -0.0579 +0.0050 +0.0348 +0.0031 -0.0254 +0.0074 -0.0207 +0.0304 -0.0083 +0.0327 +0.0050 +0.0029 -0.0059 -0.0165 +0.0139 -0.0251 +0.0217 -0.0188 -0.0124 +0.0014 +0.0026 +0.0450 +0.0179 -0.0469 +0.0311 -0.0004,0,1
+0.0202 -0.0100 +0.0012 -0.0579 +0.0050 +0.0348 +0.0031 -0.0254 +0.0074 -0.0207 +0.0304 -0.0083 +0.0327 +0.0050 +0.0029 -0.0059 -0.0165 +0.0139 -0.0251 +0.0217 -0.0188 -0.0124 +0.0014 +0.0026 +0.0450 +0.0179 -0.0469 +0.0311 -0.0004 -0.0039,0,1
-0.0100 +0.0012 -0.0579 +0.0050 +0.0348 +0.0031 -0.0254 +0.0074 -0.0207 +0.0304 -0.0083 +0.0327 +0.0050 +0.0029 -0.0059 -0.0165 +0.0139 -0.0251 +0.0217 -0.0188 -0.0124 +0.0014 +0.0026 +0.0450 +0.0179 -0.0469 +0.0311 -0.0004 -0.0039 -0.0010,1,1
+0.0012 -0.0579 +0.0050 +0.0348 +0.0031 -0.0254 +0.0074 -0.0207 +0.0304 -0.0083 +0.0327 +0.0050 +0.0029 -0.0059 -0.0165 +0.0139 -0.0251 +0.0217 -0.0188 -0.0124 +0.0014 +0.0026 +0.0450 +0.0179 -0.0469 +0.0311 -0.0004 -0.0039 -0.0010 +0.0689,0,1
-0.0579 +0.0050 +0.0348 +0.0031 -0.0254 +0.0074 -0.0207 +0.0304 -0.0083 +0.0327 +0.0050 +0.0029 -0.0059 -0.0165 +0.0139 -0.0251 +0.0217 -0.0188 -0.0124 +0.0014 +0.0026 +0.0450 +0.0179 -0.0469 +0.0311 -0.0004 -0.0039 -0.0010 +0.0689 -0.0177,1,1
+0.0050 +0.0348 +0.0031 -0.0254 +0.0074 -0.0207 +0.0304 -0.0083 +0.0327 +0.0050 +0.0029 -0.0059 -0.0165 +0.0139 -0.0251 +0.0217 -0.0188 -0.0124 +0.0014 +0.0026 +0.0450 +0.0179 -0.0469 +0.0311 -0.0004 -0.0039 -0.0010 +0.0689 -0.0177 +0.0106,0,1
+0.0348 +0.0031 -0.0254 +0.0074 -0.0207 +0.0304 -0.0083 +0.0327 +0.0050 +0.0029 -0.0059 -0.0165 +0.0139 -0.0251 +0.0217 -0.0188 -0.0124 +0.0014 +0.0026 +0.0450 +0.0179 -0.0469 +0.0311 -0.0004 -0.0039 -0.0010 +0.0689 -0.0177 +0.0106 -0.0056,0,1
+0.0031 -0.0254 +0.0074 -0.0207 +0.0304 -0.0083 +0.0327 +0.0050 +0.0029 -0.0059 -0.0165 +0.0139 -0.0251 +0.0217 -0.0188 -0.0124 +0.0014 +0.0026 +0.0450 +0.0179 -0.0469 +0.0311 -0.0004 -0.0039 -0.0010 +0.0689 -0.0177 +0.0106 -0.0056 -0.0758,0,1
-0.0254 +0.0074 -0.0207 +0.0304 -0.0083 +0.0327 +0.0050 +0.0029 -0.0059 -0.0165 +0.0139 -0.0251 +0.0217 -0.0188 -0.0124 +0.0014 +0.0026 +0.0450 +0.0179 -0.0469 +0.0311 -0.0004 -0.0039 -0.0010 +0.0689 -0.0177 +0.0106 -0.0056 -0.0758 -0.0003,0,1
+0.0074 -0.0207 +0.0304 -0.0083 +0.0327 +0.0050 +0.0029 -0.0059 -0.0165 +0.0139 -0.0251 +0.0217 -0.0188 -0.0124 +0.0014 +0.0026 +0.0450 +0.0179 -0.0469 +0.0311 -0.0004 -0.0039 -0.0010 +0.0689 -0.0177 +0.0106 -0.0056 -0.0758 -0.0003 -0.0244,1,1
-0.0207 +0.0304 -0.0083 +0.0327 +0.0050 +0.0029 -0.0059 -0.0165 +0.0139 -0.0251 +0.0217 -0.0188 -0.0124 +0.0014 +0.0026 +0.0450 +0.0179 -0.0469 +0.0311 -0.0004 -0.0039 -0.0010 +0.0689 -0.0177 +0.0106 -0.0056 -0.0758 -0.0003 -0.0244 +0.0171,1,1
+0.0304 -0.0083 +0.0327 +0.0050 +0.0029 -0.0059 -0.0165 +0.0139 -0.0251 +0.0217 -0.0188 -0.0124 +0.0014 +0.0026 +0.0450 +0.0179 -0.0469 +0.0311 -0.0004 -0.0039 -0.0010 +0.0689 -0.0177 +0.0106 -0.0056 -0.0758 -0.0003 -0.0244 +0.0171 +0.0151,0,1
-0.0083 +0.0327 +0.0050 +0.0029 -0.0059 -0.0165 +0.0139 -0.0251 +0.0217 -0.0188 -0.0124 +0.0014 +0.0026 +0.0450 +0.0179 -0.0469 +0.0311 -0.0004 -0.0039 -0.0010 +0.0689 -0.0177 +0.0106 -0.0056 -0.0758 -0.0003 -0.0244 +0.0171 +0.0151 -0.0096,0,1
+0.0327 +0.0050 +0.0029 -0.0059 -0.0165 +0.0139 -0.0251 +0.0217 -0.0188 -0.0124 +0.0014 +0.0026 +0.0450 +0.0179 -0.0469 +0.0311 -0.0004 -0.0039 -0.0010 +0.0689 -0.0177 +0.0106 -0.0056 -0.0758 -0.0003 -0.0244 +0.0171 +0.0151 -0.0096 -0.0346,1,1
+0.0050 +0.0029 -0.0059 -0.0165 +0.0139 -0.0251 +0.0217 -0.0188 -0.0124 +0.0014 +0.0026 +0.0450 +0.0179 -0.0469 +0.0311 -0.0004 -0.0039 -0.0010 +0.0689 -0.0177 +0.0106 -0.0056 -0.0758 -0.0003 -0.0244 +0.0171 +0.0151 -0.0096 -0.0346 +0.0086,1,1
+0.0029 -0.0059 -0.0165 +0.0139 -0.0251 +0.0217 -0.0188 -0.0124 +0.0014 +0.0026 +0.0450 +0.0179 -0.0469 +0.0311 -0.0004 -0.0039 -0.0010 +0.0689 -0.0177 +0.0106 -0.0056 -0.0758 -0.0003 -0.0244 +0.0171 +0.0151 -0.0096 -0.0346 +0.0086 +0.0011,0,1
-0.0059 -0.0165 +0.0139 -0.0251 +0.0217 -0.0188 -0.0124 +0.0014 +0.0026 +0.0450 +0.0179 -0.0469 +0.0311 -0.0004 -0.0039 -0.0010 +0.0689 -0.0177 +0.0106 -0.0056 -0.0758 -0.0003 -0.0244 +0.0171 +0.0151 -0.0096 -0.0346 +0.0086 +0.0011 -0.0029,0,1
-0.0165 +0.0139 -0.0251 +0.0217 -0.0188 -0.0124 +0.0014 +0.0026 +0.0450 +0.0179 -0.0469 +0.0311 -0.0004 -0.0039 -0.0010 +0.0689 -0.0177 +0.0106 -0.0056 -0.0758 -0.0003 -0.0244 +0.0171 +0.0151 -0.0096 -0.0346 +0.0086 +0.0011 -0.0029 -0.0491,1,1
+0.0139 -0.0251 +0.0217 -0.0188 -0.0124 +0.0014 +0.0026 +0.0450 +0.0179 -0.0469 +0.0311 -0.0004 -0.0039 -0.0010 +0.0689 -0.0177 +0.0106 -0.0056 -0.0758 -0.0003 -0.0244 +0.0171 +0.0151 -0.0096 -0.0346 +0.0086 +0.0011 -0.0029 -0.0491 +0.0086,1,1
-0.0251 +0.0217 -0.0188 -0.0124 +0.0014 +0.0026 +0.0450 +0.0179 -0.0469 +0.0311 -0.0004 -0.0039 -0.0010 +0.0689 -0.0177 +0.0106 -0.0056 -0.0758 -0.0003 -0.0244 +0.0171 +0.0151 -0.0096 -0.0346 +0.0086 +0.0011 -0.0029 -0.0491 +0.0086 +0.0058,0,1
+0.0217 -0.0188 -0.0124 +0.0014 +0.0026 +0.0450 +0.0179 -0.0469 +0.0311 -0.0004 -0.0039 -0.0010 +0.0689 -0.0177 +0.0106 -0.0056 -0.0758 -0.0003 -0.0244 +0.0171 +0.0151 -0.0096 -0.0346 +0.0086 +0.0011 -0.0029 -0.0491 +0.0086 +0.0058 -0.0036,1,1
-0.0188 -0.0124 +0.0014 +0.0026 +0.0450 +0.0179 -0.0469 +0.0311 -0.0004 -0.0039 -0.0010 +0.0689 -0.0177 +0.0106 -0.0056 -0.0758 -0.0003 -0.0244 +0.0171 +0.0151 -0.0096 -0.0346 +0.0086 +0.0011 -0.0029 -0.0491 +0.0086 +0.0058 -0.0036 +0.0472,1,1
-0.0124 +0.0014 +0.0026 +0.0450 +0.0179 -0.0469 +0.0311 -0.0004 -0.0039 -0.0010 +0.0689 -0.0177 +0.0106 -0.0056 -0.0758 -0.0003 -0.0244 +0.0171 +0.0151 -0.0096 -0.0346 +0.0086 +0.0011 -0.0029 -0.0491 +0.0086 +0.0058 -0.0036 +0.0472 +0.0073,0,1
+0.0014 +0.0026 +0.0450 +0.0179 -0.0469 +0.0311 -0.0004 -0.0039 -0.0010 +0.0689 -0.0177 +0.0106 -0.0056 -0.0758 -0.0003 -0.0244 +0.0171 +0.0151 -0.0096 -0.0346 +0.0086 +0.0011 -0.0029 -0.0491 +0.0086 +0.0058 -0.0036 +0.0472 +0.0073 -0.0020,1,1
+0.0026 +0.0450 +0.0179 -0.0469 +0.0311 -0.0004 -0.0039 -0.0010 +0.0689 -0.0177 +0.0106 -0.0056 -0.0758 -0.0003 -0.0244 +0.0171 +0.0151 -0.0096 -0.0346 +0.0086 +0.0011 -0.0029 -0.0491 +0.0086 +0.0058 -0.0036 +0.0472 +0.0073 -0.0020 +0.0298,0,1
+0.0450 +0.0179 -0.0469 +0.0311 -0.0004 -0.0039 -0.0010 +0.0689 -0.0177 +0.0106 -0.0056 -0.0758 -0.0003 -0.0244 +0.0171 +0.0151 -0.0096 -0.0346 +0.0086 +0.0011 -0.0029 -0.0491 +0.0086 +0.0058 -0.0036 +0.0472 +0.0073 -0.0020 +0.0298 -0.0078,0,1
+0.0179 -0.0469 +0.0311 -0.0004 -0.0039 -0.0010 +0.0689 -0.0177 +0.0106 -0.0056 -0.0758 -0.0003 -0.0244 +0.0171 +0.0151 -0.0096 -0.0346 +0.0086 +0.0011 -0.0029 -0.0491 +0.0086 +0.0058 -0.0036 +0.0472 +0.0073 -0.0020 +0.0298 -0.0078 -0.0086,1,1
-0.0469 +0.0311 -0.0004 -0.0039 -0.0010 +0.0689 -0.0177 +0.0106 -0.0056 -0.0758 -0.0003 -0.0244 +0.0171 +0.0151 -0.0096 -0.0346 +0.0086 +0.0011 -0.0029 -0.0491 +0.0086 +0.0058 -0.0036 +0.0472 +0.0073 -0.0020 +0.0298 -0.0078 -0.0086 +0.0116,1,1
+0.0311 -0.0004 -0.0039 -0.0010 +0.0689 -0.0177 +0.0106 -0.0056 -0.0758 -0.0003 -0.0244 +0.0171 +0.0151 -0.0096 -0.0346 +0.0086 +0.0011 -0.0029 -0.0491 +0.0086 +0.0058 -0.0036 +0.0472 +0.0073 -0.0020 +0.0298 -0.0078 -0.0086 +0.0116 +0.0026,0,1
-0.0004 -0.0039 -0.0010 +0.0689 -0.0177 +0.0106 -0.0056 -0.0758 -0.0003 -0.0244 +0.0171 +0.0151 -0.0096 -0.0346 +0.0086 +0.0011 -0.0029 -0.0491 +0.0086 +0.0058 -0.0036 +0.0472 +0.0073 -0.0020 +0.0298 -0.0078 -0.0086 +0.0116 +0.0026 -0.0045,0,1
-0.0039 -0.0010 +0.0689 -0.0177 +0.0106 -0.0056 -0.0758 -0.0003 -0.0244 +0.0171 +0.0151 -0.0096 -0.0346 +0.0086 +0.0011 -0.0029 -0.0491 +0.0086 +0.0058 -0.0036 +0.0472 +0.0073 -0.0020 +0.0298 -0.0078 -0.0086 +0.0116 +0.0026 -0.0045 -0.0095,1,1
-0.0010 +0.0689 -0.0177 +0.0106 -0.0056 -0.0758 -0.0003 -0.0244 +0.0171 +0.0151 -0.0096 -0.0346 +0.0086 +0.0011 -0.0029 -0.0491 +0.0086 +0.0058 -0.0036 +0.0472 +0.0073 -0.0020 +0.0298 -0.0078 -0.0086 +0.0116 +0.0026 -0.0045 -0.0095 +0.0018,1,1
+0.0689 -0.0177 +0.0106 -0.0056 -0.0758 -0.0003 -0.0244 +0.0171 +0.0151 -0.0096 -0.0346 +0.0086 +0.0011 -0.0029 -0.0491 +0.0086 +0.0058 -0.0036 +0.0472 +0.0073 -0.0020 +0.0298 -0.0078 -0.0086 +0.0116 +0.0026 -0.0045 -0.0095 +0.0018 +0.0100,1,1
-0.0177 +0.0106 -0.0056 -0.0758 -0.0003 -0.0244 +0.0171 +0.0151 -0.0096 -0.0346 +0.0086 +0.0011 -0.0029 -0.0491 +0.0086 +0.0058 -0.0036 +0.0472 +0.0073 -0.0020 +0.0298 -0.0078 -0.0086 +0.0116 +0.0026 -0.0045 -0.0095 +0.0018 +0.0100 +0.0286,1,1
+0.0106 -0.0056 -0.0758 -0.0003 -0.0244 +0.0171 +0.0151 -0.0096 -0.0346 +0.0086 +0.0011 -0.0029 -0.0491 +0.0086 +0.0058 -0.0036 +0.0472 +0.0073 -0.0020 +0.0298 -0.0078 -0.0086 +0.0116 +0.0026 -0.0045 -0.0095 +0.0018 +0.0100 +0.0286 +0.0222,1,1
-0.0056 -0.0758 -0.0003 -0.0244 +0.0171 +0.0151 -0.0096 -0.0346 +0.0086 +0.0011 -0.0029 -0.0491 +0.0086 +0.0058 -0.0036 +0.0472 +0.0073 -0.0020 +0.0298 -0.0078 -0.0086 +0.0116 +0.0026 -0.0045 -0.0095 +0.0018 +0.0100 +0.0286 +0.0222 +0.0407,1,1
-0.0758 -0.0003 -0.0244 +0.0171 +0.0151 -0.0096 -0.0346 +0.0086 +0.0011 -0.0029 -0.0491 +0.0086 +0.0058 -0.0036 +0.0472 +0.0073 -0.0020 +0.0298 -0.0078 -0.0086 +0.0116 +0.0026 -0.0045 -0.0095 +0.0018 +0.0100 +0.0286 +0.0222 +0.0407 +0.0132,1,1
-0.0003 -0.0244 +0.0171 +0.0151 -0.0096 -0.0346 +0.0086 +0.0011 -0.0029 -0.0491 +0.0086 +0.0058 -0.0036 +0.0472 +0.0073 -0.0020 +0.0298 -0.0078 -0.0086 +0.0116 +0.0026 -0.0045 -0.0095 +0.0018 +0.0100 +0.0286 +0.0222 +0.0407 +0.0132 +0.0109,1,1
-0.0244 +0.0171 +0.0151 -0.0096 -0.0346 +0.0086 +0.0011 -0.0029 -0.0491 +0.0086 +0.0058 -0.0036 +0.0472 +0.0073 -0.0020 +0.0298 -0.0078 -0.0086 +0.0116 +0.0026 -0.0045 -0.0095 +0.0018 +0.0100 +0.0286 +0.0222 +0.0407 +0.0132 +0.0109 +0.0345,0,1
+0.0171 +0.0151 -0.0096 -0.0346 +0.0086 +0.0011 -0.0029 -0.0491 +0.0086 +0.0058 -0.0036 +0.0472 +0.0073 -0.0020 +0.0298 -0.0078 -0.0086 +0.0116 +0.0026 -0.0045 -0.0095 +0.0018 +0.0100 +0.0286 +0.0222 +0.0407 +0.0132 +0.0109 +0.0345 -0.0043,1,1
+0.0151 -0.0096 -0.0346 +0.0086 +0.0011 -0.0029 -0.0491 +0.0086 +0.0058 -0.0036 +0.0472 +0.0073 -0.0020 +0.0298 -0.0078 -0.0086 +0.0116 +0.0026 -0.0045 -0.0095 +0.0018 +0.0100 +0.0286 +0.0222 +0.0407 +0.0132 +0.0109 +0.0345 -0.0043 +0.0419,1,1
-0.0096 -0.0346 +0.0086 +0.0011 -0.0029 -0.0491 +0.0086 +0.0058 -0.0036 +0.0472 +0.0073 -0.0020 +0.0298 -0.0078 -0.0086 +0.0116 +0.0026 -0.0045 -0.0095 +0.0018 +0.0100 +0.0286 +0.0222 +0.0407 +0.0132 +0.0109 +0.0345 -0.0043 +0.0419 +0.0022,1,1
-0.0346 +0.0086 +0.0011 -0.0029 -0.0491 +0.0086 +0.0058 -0.0036 +0.0472 +0.0073 -0.0020 +0.0298 -0.0078 -0.0086 +0.0116 +0.0026 -0.0045 -0.0095 +0.0018 +0.0100 +0.0286 +0.0222 +0.0407 +0.0132 +0.0109 +0.0345 -0.0043 +0.0419 +0.0022 +0.0043,0,1
+0.0086 +0.0011 -0.0029 -0.0491 +0.0086 +0.0058 -0.0036 +0.0472 +0.0073 -0.0020 +0.0298 -0.0078 -0.0086 +0.0116 +0.0026 -0.0045 -0.0095 +0.0018 +0.0100 +0.0286 +0.0222 +0.0407 +0.0132 +0.0109 +0.0345 -0.0043 +0.0419 +0.0022 +0.0043 -0.0095,1,1
+0.0011 -0.0029 -0.0491 +0.0086 +0.0058 -0.0036 +0.0472 +0.0073 -0.0020 +0.0298 -0.0078 -0.0086 +0.0116 +0.0026 -0.0045 -0.0095 +0.0018 +0.0100 +0.0286 +0.0222 +0.0407 +0.0132 +0.0109 +0.0345 -0.0043 +0.0419 +0.0022 +0.0043 -0.0095 +0.0089,0,1
-0.0029 -0.0491 +0.0086 +0.0058 -0.0036 +0.0472 +0.0073 -0.0020 +0.0298 -0.0078 -0.0086 +0.0116 +0.0026 -0.0045 -0.0095 +0.0018 +0.0100 +0.0286 +0.0222 +0.0407 +0.0132 +0.0109 +0.0345 -0.0043 +0.0419 +0.0022 +0.0043 -0.0095 +0.0089 -0.0066,1,1
-0.0491 +0.0086 +0.0058 -0.0036 +0.0472 +0.0073 -0.0020 +0.0298 -0.0078 -0.0086 +0.0116 +0.0026 -0.0045 -0.0095 +0.0018 +0.0100 +0.0286 +0.0222 +0.0407 +0.0132 +0.0109 +0.0345 -0.0043 +0.0419 +0.0022 +0.0043 -0.0095 +0.0089 -0.0066 +0.0098,0,1
+0.0086 +0.0058 -0.0036 +0.0472 +0.0073 -0.0020 +0.0298 -0.0078 -0.0086 +0.0116 +0.0026 -0.0045 -0.0095 +0.0018 +0.0100 +0.0286 +0.0222 +0.0407 +0.0132 +0.0109 +0.0345 -0.0043 +0.0419 +0.0022 +0.0043 -0.0095 +0.0089 -0.0066 +0.0098 -0.0085,0,1
+0.0058 -0.0036 +0.0472 +0.0073 -0.0020 +0.0298 -0.0078 -0.0086 +0.0116 +0.0026 -0.0045 -0.0095 +0.0018 +0.0100 +0.0286 +0.0222 +0.0407 +0.0132 +0.0109 +0.0345 -0.0043 +0.0419 +0.0022 +0.0043 -0.0095 +0.0089 -0.0066 +0.0098 -0.0085 -0.0103,0,1
-0.0036 +0.0472 +0.0073 -0.0020 +0.0298 -0.0078 -0.0086 +0.0116 +0.0026 -0.0045 -0.0095 +0.0018 +0.0100 +0.0286 +0.0222 +0.0407 +0.0132 +0.0109 +0.0345 -0.0043 +0.0419 +0.0022 +0.0043 -0.0095 +0.0089 -0.0066 +0.0098 -0.0085 -0.0103 -0.0112,1,1
+0.0472 +0.0073 -0.0020 +0.0298 -0.0078 -0.0086 +0.0116 +0.0026 -0.0045 -0.0095 +0.0018 +0.0100 +0.0286 +0.0222 +0.0407 +0.0132 +0.0109 +0.0345 -0.0043 +0.0419 +0.0022 +0.0043 -0.0095 +0.0089 -0.0066 +0.0098 -0.0085 -0.0103 -0.0112 +0.0165,1,1
+0.0073 -0.0020 +0.0298 -0.0078 -0.0086 +0.0116 +0.0026 -0.0045 -0.0095 +0.0018 +0.0100 +0.0286 +0.0222 +0.0407 +0.0132 +0.0109 +0.0345 -0.0043 +0.0419 +0.0022 +0.0043 -0.0095 +0.0089 -0.0066 +0.0098 -0.0085 -0.0103 -0.0112 +0.0165 +0.0031,1,1
-0.0020 +0.0298 -0.0078 -0.0086 +0.0116 +0.0026 -0.0045 -0.0095 +0.0018 +0.0100 +0.0286 +0.0222 +0.0407 +0.0132 +0.0109 +0.0345 -0.0043 +0.0419 +0.0022 +0.0043 -0.0095 +0.0089 -0.0066 +0.0098 -0.0085 -0.0103 -0.0112 +0.0165 +0.0031 +0.0539,1,1
+0.0298 -0.0078 -0.0086 +0.0116 +0.0026 -0.0045 -0.0095 +0.0018 +0.0100 +0.0286 +0.0222 +0.0407 +0.0132 +0.0109 +0.0345 -0.0043 +0.0419 +0.0022 +0.0043 -0.0095 +0.0089 -0.0066 +0.0098 -0.0085 -0.0103 -0.0112 +0.0165 +0.0031 +0.0539 +0.0470,1,1
-0.0078 -0.0086 +0.0116 +0.0026 -0.0045 -0.0095 +0.0018 +0.0100 +0.0286 +0.0222 +0.0407 +0.0132 +0.0109 +0.0345 -0.0043 +0.0419 +0.0022 +0.0043 -0.0095 +0.0089 -0.0066 +0.0098 -0.0085 -0.0103 -0.0112 +0.0165 +0.0031 +0.0539 +0.0470 +0.0949,0,1
-0.0086 +0.0116 +0.0026 -0.0045 -0.0095 +0.0018 +0.0100 +0.0286 +0.0222 +0.0407 +0.0132 +0.0109 +0.0345 -0.0043 +0.0419 +0.0022 +0.0043 -0.0095 +0.0089 -0.0066 +0.0098 -0.0085 -0.0103 -0.0112 +0.0165 +0.0031 +0.0539 +0.0470 +0.0949 -0.0209,1,1
+0.0116 +0.0026 -0.0045 -0.0095 +0.0018 +0.0100 +0.0286 +0.0222 +0.0407 +0.0132 +0.0109 +0.0345 -0.0043 +0.0419 +0.0022 +0.0043 -0.0095 +0.0089 -0.0066 +0.0098 -0.0085 -0.0103 -0.0112 +0.0165 +0.0031 +0.0539 +0.0470 +0.0949 -0.0209 +0.0203,0,1
+0.0026 -0.0045 -0.0095 +0.0018 +0.0100 +0.0286 +0.0222 +0.0407 +0.0132 +0.0109 +0.0345 -0.0043 +0.0419 +0.0022 +0.0043 -0.0095 +0.0089 -0.0066 +0.0098 -0.0085 -0.0103 -0.0112 +0.0165 +0.0031 +0.0539 +0.0470 +0.0949 -0.0209 +0.0203 -0.0066,1,1
-0.0045 -0.0095 +0.0018 +0.0100 +0.0286 +0.0222 +0.0407 +0.0132 +0.0109 +0.0345 -0.0043 +0.0419 +0.0022 +0.0043 -0.0095 +0.0089 -0.0066 +0.0098 -0.0085 -0.0103 -0.0112 +0.0165 +0.0031 +0.0539 +0.0470 +0.0949 -0.0209 +0.0203 -0.0066 +0.0183,1,1
-0.0095 +0.0018 +0.0100 +0.0286 +0.0222 +0.0407 +0.0132 +0.0109 +0.0345 -0.0043 +0.0419 +0.0022 +0.0043 -0.0095 +0.0089 -0.0066 +0.0098 -0.0085 -0.0103 -0.0112 +0.0165 +0.0031 +0.0539 +0.0470 +0.0949 -0.0209 +0.0203 -0.0066 +0.0183 +0.0817,0,1
+0.0018 +0.0100 +0.0286 +0.0222 +0.0407 +0.0132 +0.0109 +0.0345 -0.0043 +0.0419 +0.0022 +0.0043 -0.0095 +0.0089 -0.0066 +0.0098 -0.0085 -0.0103 -0.0112 +0.0165 +0.0031 +0.0539 +0.0470 +0.0949 -0.0209 +0.0203 -0.0066 +0.0183 +0.0817 -0.0663,1,1
+0.0100 +0.0286 +0.0222 +0.0407 +0.0132 +0.0109 +0.0345 -0.0043 +0.0419 +0.0022 +0.0043 -0.0095 +0.0089 -0.0066 +0.0098 -0.0085 -0.0103 -0.0112 +0.0165 +0.0031 +0.0539 +0.0470 +0.0949 -0.0209 +0.0203 -0.0066 +0.0183 +0.0817 -0.0663 +0.0361,1,1
+0.0286 +0.0222 +0.0407 +0.0132 +0.0109 +0.0345 -0.0043 +0.0419 +0.0022 +0.0043 -0.0095 +0.0089 -0.0066 +0.0098 -0.0085 -0.0103 -0.0112 +0.0165 +0.0031 +0.0539 +0.0470 +0.0949 -0.0209 +0.0203 -0.0066 +0.0183 +0.0817 -0.0663 +0.0361 +0.0124,1,1
+0.0222 +0.0407 +0.0132 +0.0109 +0.0345 -0.0043 +0.0419 +0.0022 +0.0043 -0.0095 +0.0089 -0.0066 +0.0098 -0.0085 -0.0103 -0.0112 +0.0165 +0.0031 +0.0539 +0.0470 +0.0949 -0.0209 +0.0203 -0.0066 +0.0183 +0.0817 -0.0663 +0.0361 +0.0124 +0.0205,1,1
+0.0407 +0.0132 +0.0109 +0.0345 -0.0043 +0.0419 +0.0022 +0.0043 -0.0095 +0.0089 -0.0066 +0.0098 -0.0085 -0.0103 -0.0112 +0.0165 +0.0031 +0.0539 +0.0470 +0.0949 -0.0209 +0.0203 -0.0066 +0.0183 +0.0817 -0.0663 +0.0361 +0.0124 +0.0205 +0.0029,1,1
+0.0132 +0.0109 +0.0345 -0.0043 +0.0419 +0.0022 +0.0043 -0.0095 +0.0089 -0.0066 +0.0098 -0.0085 -0.0103 -0.0112 +0.0165 +0.0031 +0.0539 +0.0470 +0.0949 -0.0209 +0.0203 -0.0066 +0.0183 +0.0817 -0.0663 +0.0361 +0.0124 +0.0205 +0.0029 +0.0076,1,1
+0.0109 +0.0345 -0.0043 +0.0419 +0.0022 +0.0043 -0.0095 +0.0089 -0.0066 +0.0098 -0.0085 -0.0103 -0.0112 +0.0165 +0.0031 +0.0539 +0.0470 +0.0949 -0.0209 +0.0203 -0.0066 +0.0183 +0.0817 -0.0663 +0.0361 +0.0124 +0.0205 +0.0029 +0.0076 +0.0450,0,1
+0.0345 -0.0043 +0.0419 +0.0022 +0.0043 -0.0095 +0.0089 -0.0066 +0.0098 -0.0085 -0.0103 -0.0112 +0.0165 +0.0031 +0.0539 +0.0470 +0.0949 -0.0209 +0.0203 -0.0066 +0.0183 +0.0817 -0.0663 +0.0361 +0.0124 +0.0205 +0.0029 +0.0076 +0.0450 -0.0089,1,1
-0.0043 +0.0419 +0.0022 +0.0043 -0.0095 +0.0089 -0.0066 +0.0098 -0.0085 -0.0103 -0.0112 +0.0165 +0.0031 +0.0539 +0.0470 +0.0949 -0.0209 +0.0203 -0.0066 +0.0183 +0.0817 -0.0663 +0.0361 +0.0124 +0.0205 +0.0029 +0.0076 +0.0450 -0.0089 +0.0224,0,1
+0.0419 +0.0022 +0.0043 -0.0095 +0.0089 -0.0066 +0.0098 -0.0085 -0.0103 -0.0112 +0.0165 +0.0031 +0.0539 +0.0470 +0.0949 -0.0209 +0.0203 -0.0066 +0.0183 +0.0817 -0.0663 +0.0361 +0.0124 +0.0205 +0.0029 +0.0076 +0.0450 -0.0089 +0.0224 -0.0231,0,1
+0.0022 +0.0043 -0.0095 +0.0089 -0.0066 +0.0098 -0.0085 -0.0103 -0.0112 +0.0165 +0.0031 +0.0539 +0.0470 +0.0949 -0.0209 +0.0203 -0.0066 +0.0183 +0.0817 -0.0663 +0.0361 +0.0124 +0.0205 +0.0029 +0.0076 +0.0450 -0.0089 +0.0224 -0.0231 -0.0279,0,1
+0.0043 -0.0095 +0.0089 -0.0066 +0.0098 -0.0085 -0.0103 -0.0112 +0.0165 +0.0031 +0.0539 +0.0470 +0.0949 -0.0209 +0.0203 -0.0066 +0.0183 +0.0817 -0.0663 +0.0361 +0.0124 +0.0205 +0.0029 +0.0076 +0.0450 -0.0089 +0.0224 -0.0231 -0.0279 -0.0589,1,1
-0.0095 +0.0089 -0.0066 +0.0098 -0.0085 -0.0103 -0.0112 +0.0165 +0.0031 +0.0539 +0.0470 +0.0949 -0.0209 +0.0203 -0.0066 +0.0183 +0.0817 -0.0663 +0.0361 +0.0124 +0.0205 +0.0029 +0.0076 +0.0450 -0.0089 +0.0224 -0.0231 -0.0279 -0.0589 +0.0471,0,1
+0.0089 -0.0066 +0.0098 -0.0085 -0.0103 -0.0112 +0.0165 +0.0031 +0.0539 +0.0470 +0.0949 -0.0209 +0.0203 -0.0066 +0.0183 +0.0817 -0.0663 +0.0361 +0.0124 +0.0205 +0.0029 +0.0076 +0.0450 -0.0089 +0.0224 -0.0231 -0.0279 -0.0589 +0.0471 -0.0123,0,1
-0.0066 +0.0098 -0.0085 -0.0103 -0.0112 +0.0165 +0.0031 +0.0539 +0.0470 +0.0949 -0.0209 +0.0203 -0.0066 +0.0183 +0.0817 -0.0663 +0.0361 +0.0124 +0.0205 +0.0029 +0.0076 +0.0450 -0.0089 +0.0224 -0.0231 -0.0279 -0.0589 +0.0471 -0.0123 -0.0834,1,1
+0.0098 -0.0085 -0.0103 -0.0112 +0.0165 +0.0031 +0.0539 +0.0470 +0.0949 -0.0209 +0.0203 -0.0066 +0.0183 +0.0817 -0.0663 +0.0361 +0.0124 +0.0205 +0.0029 +0.0076 +0.0450 -0.0089 +0.0224 -0.0231 -0.0279 -0.0589 +0.0471 -0.0123 -0.0834 +0.0969,0,1
-0.0085 -0.0103 -0.0112 +0.0165 +0.0031 +0.0539 +0.0470 +0.0949 -0.0209 +0.0203 -0.0066 +0.0183 +0.0817 -0.0663 +0.0361 +0.0124 +0.0205 +0.0029 +0.0076 +0.0450 -0.0089 +0.0224 -0.0231 -0.0279 -0.0589 +0.0471 -0.0123 -0.0834 +0.0969 -0.0357,0,1
-0.0103 -0.0112 +0.0165 +0.0031 +0.0539 +0.0470 +0.0949 -0.0209 +0.0203 -0.0066 +0.0183 +0.0817 -0.0663 +0.0361 +0.0124 +0.0205 +0.0029 +0.0076 +0.0450 -0.0089 +0.0224 -0.0231 -0.0279 -0.0589 +0.0471 -0.0123 -0.0834 +0.0969 -0.0357 -0.0262,1,1
-0.0112 +0.0165 +0.0031 +0.0539 +0.0470 +0.0949 -0.0209 +0.0203 -0.0066 +0.0183 +0.0817 -0.0663 +0.0361 +0.0124 +0.0205 +0.0029 +0.0076 +0.0450 -0.0089 +0.0224 -0.0231 -0.0279 -0.0589 +0.0471 -0.0123 -0.0834 +0.0969 -0.0357 -0.0262 +0.0044,1,1
+0.0165 +0.0031 +0.0539 +0.0470 +0.0949 -0.0209 +0.0203 -0.0066 +0.0183 +0.0817 -0.0663 +0.0361 +0.0124 +0.0205 +0.0029 +0.0076 +0.0450 -0.0089 +0.0224 -0.0231 -0.0279 -0.0589 +0.0471 -0.0123 -0.0834 +0.0969 -0.0357 -0.0262 +0.0044 +0.0495,1,1
+0.0031 +0.0539 +0.0470 +0.0949 -0.0209 +0.0203 -0.0066 +0.0183 +0.0817 -0.0663 +0.0361 +0.0124 +0.0205 +0.0029 +0.0076 +0.0450 -0.0089 +0.0224 -0.0231 -0.0279 -0.0589 +0.0471 -0.0123 -0.0834 +0.0969 -0.0357 -0.0262 +0.0044 +0.0495 +0.0405,1,1
+0.0539 +0.0470 +0.0949 -0.0209 +0.0203 -0.0066 +0.0183 +0.0817 -0.0663 +0.0361 +0.0124 +0.0205 +0.0029 +0.0076 +0.0450 -0.0089 +0.0224 -0.0231 -0.0279 -0.0589 +0.0471 -0.0123 -0.0834 +0.0969 -0.0357 -0.0262 +0.0044 +0.0495 +0.0405 +0.0004,0,1
+0.0470 +0.0949 -0.0209 +0.0203 -0.0066 +0.0183 +0.0817 -0.0663 +0.0361 +0.0124 +0.0205 +0.0029 +0.0076 +0.0450 -0.0089 +0.0224 -0.0231 -0.0279 -0.0589 +0.0471 -0.0123 -0.0834 +0.0969 -0.0357 -0.0262 +0.0044 +0.0495 +0.0405 +0.0004 -0.0076,1,1
+0.0949 -0.0209 +0.0203 -0.0066 +0.0183 +0.0817 -0.0663 +0.0361 +0.0124 +0.0205 +0.0029 +0.0076 +0.0450 -0.0089 +0.0224 -0.0231 -0.0279 -0.0589 +0.0471 -0.0123 -0.0834 +0.0969 -0.0357 -0.0262 +0.0044 +0.0495 +0.0405 +0.0004 -0.0076 +0.0186,0,1
-0.0209 +0.0203 -0.0066 +0.0183 +0.0817 -0.0663 +0.0361 +0.0124 +0.0205 +0.0029 +0.0076 +0.0450 -0.0089 +0.0224 -0.0231 -0.0279 -0.0589 +0.0471 -0.0123 -0.0834 +0.0969 -0.0357 -0.0262 +0.0044 +0.0495 +0.0405 +0.0004 -0.0076 +0.0186 -0.0120,0,1
+0.0203 -0.0066 +0.0183 +0.0817 -0.0663 +0.0361 +0.0124 +0.0205 +0.0029 +0.0076 +0.0450 -0.0089 +0.0224 -0.0231 -0.0279 -0.0589 +0.0471 -0.0123 -0.0834 +0.0969 -0.0357 -0.0262 +0.0044 +0.0495 +0.0405 +0.0004 -0.0076 +0.0186 -0.0120 -0.0035,1,1
-0.0066 +0.0183 +0.0817 -0.0663 +0.0361 +0.0124 +0.0205 +0.0029 +0.0076 +0.0450 -0.0089 +0.0224 -0.0231 -0.0279 -0.0589 +0.0471 -0.0123 -0.0834 +0.0969 -0.0357 -0.0262 +0.0044 +0.0495 +0.0405 +0.0004 -0.0076 +0.0186 -0.0120 -0.0035 +0.0242,0,1
+0.0183 +0.0817 -0.0663 +0.0361 +0.0124 +0.0205 +0.0029 +0.0076 +0.0450 -0.0089 +0.0224 -0.0231 -0.0279 -0.0589 +0.0471 -0.0123 -0.0834 +0.0969 -0.0357 -0.0262 +0.0044 +0.0495 +0.0405 +0.0004 -0.0076 +0.0186 -0.0120 -0.0035 +0.0242 -0.0229,0,1
+0.0817 -0.0663 +0.0361 +0.0124 +0.0205 +0.0029 +0.0076 +0.0450 -0.0089 +0.0224 -0.0231 -0.0279 -0.0589 +0.0471 -0.0123 -0.0834 +0.0969 -0.0357 -0.0262 +0.0044 +0.0495 +0.0405 +0.0004 -0.0076 +0.0186 -0.0120 -0.0035 +0.0242 -0.0229 -0.0610,1,1
-0.0663 +0.0361 +0.0124 +0.0205 +0.0029 +0.0076 +0.0450 -0.0089 +0.0224 -0.0231 -0.0279 -0.0589 +0.0471 -0.0123 -0.0834 +0.0969 -0.0357 -0.0262 +0.0044 +0.0495 +0.0405 +0.0004 -0.0076 +0.0186 -0.0120 -0.0035 +0.0242 -0.0229 -0.0610 +0.0082,1,1
+0.0361 +0.0124 +0.0205 +0.0029 +0.0076 +0.0450 -0.0089 +0.0224 -0.0231 -0.0279 -0.0589 +0.0471 -0.0123 -0.0834 +0.0969 -0.0357 -0.0262 +0.0044 +0.0495 +0.0405 +0.0004 -0.0076 +0.0186 -0.0120 -0.0035 +0.0242 -0.0229 -0.0610 +0.0082 +0.0383,0,1
+0.0124 +0.0205 +0.0029 +0.0076 +0.0450 -0.0089 +0.0224 -0.0231 -0.0279 -0.0589 +0.0471 -0.0123 -0.0834 +0.0969 -0.0357 -0.0262 +0.0044 +0.0495 +0.0405 +0.0004 -0.0076 +0.0186 -0.0120 -0.0035 +0.0242 -0.0229 -0.0610 +0.0082 +0.0383 -0.0098,1,1
+0.0205 +0.0029 +0.0076 +0.0450 -0.0089 +0.0224 -0.0231 -0.0279 -0.0589 +0.0471 -0.0123 -0.0834 +0.0969 -0.0357 -0.0262 +0.0044 +0.0495 +0.0405 +0.0004 -0.0076 +0.0186 -0.0120 -0.0035 +0.0242 -0.0229 -0.0610 +0.0082 +0.0383 -0.0098 +0.0156,1,1
+0.0029 +0.0076 +0.0450 -0.0089 +0.0224 -0.0231 -0.0279 -0.0589 +0.0471 -0.0123 -0.0834 +0.0969 -0.0357 -0.0262 +0.0044 +0.0495 +0.0405 +0.0004 -0.0076 +0.0186 -0.0120 -0.0035 +0.0242 -0.0229 -0.0610 +0.0082 +0.0383 -0.0098 +0.0156 +0.0068,1,1
+0.0076 +0.0450 -0.0089 +0.0224 -0.0231 -0.0279 -0.0589 +0.0471 -0.0123 -0.0834 +0.0969 -0.0357 -0.0262 +0.0044 +0.0495 +0.0405 +0.0004 -0.0076 +0.0186 -0.0120 -0.0035 +0.0242 -0.0229 -0.0610 +0.0082 +0.0383 -0.0098 +0.0156 +0.0068 +0.0327,0,1
+0.0450 -0.0089 +0.0224 -0.0231 -0.0279 -0.0589 +0.0471 -0.0123 -0.0834 +0.0969 -0.0357 -0.0262 +0.0044 +0.0495 +0.0405 +0.0004 -0.0076 +0.0186 -0.0120 -0.0035 +0.0242 -0.0229 -0.0610 +0.0082 +0.0383 -0.0098 +0.0156 +0.0068 +0.0327 -0.0348,1,1
-0.0089 +0.0224 -0.0231 -0.0279 -0.0589 +0.0471 -0.0123 -0.0834 +0.0969 -0.0357 -0.0262 +0.0044 +0.0495 +0.0405 +0.0004 -0.0076 +0.0186 -0.0120 -0.0035 +0.0242 -0.0229 -0.0610 +0.0082 +0.0383 -0.0098 +0.0156 +0.0068 +0.0327 -0.0348 +0.0210,0,1
+0.0224 -0.0231 -0.0279 -0.0589 +0.0471 -0.0123 -0.0834 +0.0969 -0.0357 -0.0262 +0.0044 +0.0495 +0.0405 +0.0004 -0.0076 +0.0186 -0.0120 -0.0035 +0.0242 -0.0229 -0.0610 +0.0082 +0.0383 -0.0098 +0.0156 +0.0068 +0.0327 -0.0348 +0.0210 -0.0075,0,1
-0.0231 -0.0279 -0.0589 +0.0471 -0.0123 -0.0834 +0.0969 -0.0357 -0.0262 +0.0044 +0.0495 +0.0405 +0.0004 -0.0076 +0.0186 -0.0120 -0.0035 +0.0242 -0.0229 -0.0610 +0.0082 +0.0383 -0.0098 +0.0156 +0.0068 +0.0327 -0.0348 +0.0210 -0.0075 -0.0409,0,1
-0.0279 -0.0589 +0.0471 -0.0123 -0.0834 +0.0969 -0.0357 -0.0262 +0.0044 +0.0495 +0.0405 +0.0004 -0.0076 +0.0186 -0.0120 -0.0035 +0.0242 -0.0229 -0.0610 +0.0082 +0.0383 -0.0098 +0.0156 +0.0068 +0.0327 -0.0348 +0.0210 -0.0075 -0.0409 -0.0502,1,1
-0.0589 +0.0471 -0.0123 -0.0834 +0.0969 -0.0357 -0.0262 +0.0044 +0.0495 +0.0405 +0.0004 -0.0076 +0.0186 -0.0120 -0.0035 +0.0242 -0.0229 -0.0610 +0.0082 +0.0383 -0.0098 +0.0156 +0.0068 +0.0327 -0.0348 +0.0210 -0.0075 -0.0409 -0.0502 +0.0300,0,1
+0.0471 -0.0123 -0.0834 +0.0969 -0.0357 -0.0262 +0.0044 +0.0495 +0.0405 +0.0004 -0.0076 +0.0186 -0.0120 -0.0035 +0.0242 -0.0229 -0.0610 +0.0082 +0.0383 -0.0098 +0.0156 +0.0068 +0.0327 -0.0348 +0.0210 -0.0075 -0.0409 -0.0502 +0.0300 -0.0352,1,1
-0.0123 -0.0834 +0.0969 -0.0357 -0.0262 +0.0044 +0.0495 +0.0405 +0.0004 -0.0076 +0.0186 -0.0120 -0.0035 +0.0242 -0.0229 -0.0610 +0.0082 +0.0383 -0.0098 +0.0156 +0.0068 +0.0327 -0.0348 +0.0210 -0.0075 -0.0409 -0.0502 +0.0300 -0.0352 +0.0061,0,1
-0.0834 +0.0969 -0.0357 -0.0262 +0.0044 +0.0495 +0.0405 +0.0004 -0.0076 +0.0186 -0.0120 -0.0035 +0.0242 -0.0229 -0.0610 +0.0082 +0.0383 -0.0098 +0.0156 +0.0068 +0.0327 -0.0348 +0.0210 -0.0075 -0.0409 -0.0502 +0.0300 -0.0352 +0.0061 -0.0397,1,1
+0.0969 -0.0357 -0.0262 +0.0044 +0.0495 +0.0405 +0.0004 -0.0076 +0.0186 -0.0120 -0.0035 +0.0242 -0.0229 -0.0610 +0.0082 +0.0383 -0.0098 +0.0156 +0.0068 +0.0327 -0.0348 +0.0210 -0.0075 -0.0409 -0.0502 +0.0300 -0.0352 +0.0061 -0.0397 +0.0365,1,1
-0.0357 -0.0262 +0.0044 +0.0495 +0.0405 +0.0004 -0.0076 +0.0186 -0.0120 -0.0035 +0.0242 -0.0229 -0.0610 +0.0082 +0.0383 -0.0098 +0.0156 +0.0068 +0.0327 -0.0348 +0.0210 -0.0075 -0.0409 -0.0502 +0.0300 -0.0352 +0.0061 -0.0397 +0.0365 +0.0052,1,1
-0.0262 +0.0044 +0.0495 +0.0405 +0.0004 -0.0076 +0.0186 -0.0120 -0.0035 +0.0242 -0.0229 -0.0610 +0.0082 +0.0383 -0.0098 +0.0156 +0.0068 +0.0327 -0.0348 +0.0210 -0.0075 -0.0409 -0.0502 +0.0300 -0.0352 +0.0061 -0.0397 +0.0365 +0.0052 +0.0180,0,1
+0.0044 +0.0495 +0.0405 +0.0004 -0.0076 +0.0186 -0.0120 -0.0035 +0.0242 -0.0229 -0.0610 +0.0082 +0.0383 -0.0098 +0.0156 +0.0068 +0.0327 -0.0348 +0.0210 -0.0075 -0.0409 -0.0502 +0.0300 -0.0352 +0.0061 -0.0397 +0.0365 +0.0052 +0.0180 -0.0010,1,1
+0.0495 +0.0405 +0.0004 -0.0076 +0.0186 -0.0120 -0.0035 +0.0242 -0.0229 -0.0610 +0.0082 +0.0383 -0.0098 +0.0156 +0.0068 +0.0327 -0.0348 +0.0210 -0.0075 -0.0409 -0.0502 +0.0300 -0.0352 +0.0061 -0.0397 +0.0365 +0.0052 +0.0180 -0.0010 +0.0294,0,1
+0.0405 +0.0004 -0.0076 +0.0186 -0.0120 -0.0035 +0.0242 -0.0229 -0.0610 +0.0082 +0.0383 -0.0098 +0.0156 +0.0068 +0.0327 -0.0348 +0.0210 -0.0075 -0.0409 -0.0502 +0.0300 -0.0352 +0.0061 -0.0397 +0.0365 +0.0052 +0.0180 -0.0010 +0.0294 -0.0064,0,1
+0.0004 -0.0076 +0.0186 -0.0120 -0.0035 +0.0242 -0.0229 -0.0610 +0.0082 +0.0383 -0.0098 +0.0156 +0.0068 +0.0327 -0.0348 +0.0210 -0.0075 -0.0409 -0.0502 +0.0300 -0.0352 +0.0061 -0.0397 +0.0365 +0.0052 +0.0180 -0.0010 +0.0294 -0.0064 -0.0321,1,1
-0.0076 +0.0186 -0.0120 -0.0035 +0.0242 -0.0229 -0.0610 +0.0082 +0.0383 -0.0098 +0.0156 +0.0068 +0.0327 -0.0348 +0.0210 -0.0075 -0.0409 -0.0502 +0.0300 -0.0352 +0.0061 -0.0397 +0.0365 +0.0052 +0.0180 -0.0010 +0.0294 -0.0064 -0.0321 +0.0032,0,1
+0.0186 -0.0120 -0.0035 +0.0242 -0.0229 -0.0610 +0.0082 +0.0383 -0.0098 +0.0156 +0.0068 +0.0327 -0.0348 +0.0210 -0.0075 -0.0409 -0.0502 +0.0300 -0.0352 +0.0061 -0.0397 +0.0365 +0.0052 +0.0180 -0.0010 +0.0294 -0.0064 -0.0321 +0.0032 -0.0113,0,1
-0.0120 -0.0035 +0.0242 -0.0229 -0.0610 +0.0082 +0.0383 -0.0098 +0.0156 +0.0068 +0.0327 -0.0348 +0.0210 -0.0075 -0.0409 -0.0502 +0.0300 -0.0352 +0.0061 -0.0397 +0.0365 +0.0052 +0.0180 -0.0010 +0.0294 -0.0064 -0.0321 +0.0032 -0.0113 -0.0053,0,1
-0.0035 +0.0242 -0.0229 -0.0610 +0.0082 +0.0383 -0.0098 +0.0156 +0.0068 +0.0327 -0.0348 +0.0210 -0.0075 -0.0409 -0.0502 +0.0300 -0.0352 +0.0061 -0.0397 +0.0365 +0.0052 +0.0180 -0.0010 +0.0294 -0.0064 -0.0321 +0.0032 -0.0113 -0.0053 -0.0048,1,1
+0.0242 -0.0229 -0.0610 +0.0082 +0.0383 -0.0098 +0.0156 +0.0068 +0.0327 -0.0348 +0.0210 -0.0075 -0.0409 -0.0502 +0.0300 -0.0352 +0.0061 -0.0397 +0.0365 +0.0052 +0.0180 -0.0010 +0.0294 -0.0064 -0.0321 +0.0032 -0.0113 -0.0053 -0.0048 +0.0115,0,1
-0.0229 -0.0610 +0.0082 +0.0383 -0.0098 +0.0156 +0.0068 +0.0327 -0.0348 +0.0210 -0.0075 -0.0409 -0.0502 +0.0300 -0.0352 +0.0061 -0.0397 +0.0365 +0.0052 +0.0180 -0.0010 +0.0294 -0.0064 -0.0321 +0.0032 -0.0113 -0.0053 -0.0048 +0.0115 -0.0502,0,1
-0.0610 +0.0082 +0.0383 -0.0098 +0.0156 +0.0068 +0.0327 -0.0348 +0.0210 -0.0075 -0.0409 -0.0502 +0.0300 -0.0352 +0.0061 -0.0397 +0.0365 +0.0052 +0.0180 -0.0010 +0.0294 -0.0064 -0.0321 +0.0032 -0.0113 -0.0053 -0.0048 +0.0115 -0.0502 -0.0393,1,1
+0.0082 +0.0383 -0.0098 +0.0156 +0.0068 +0.0327 -0.0348 +0.0210 -0.0075 -0.0409 -0.0502 +0.0300 -0.0352 +0.0061 -0.0397 +0.0365 +0.0052 +0.0180 -0.0010 +0.0294 -0.0064 -0.0321 +0.0032 -0.0113 -0.0053 -0.0048 +0.0115 -0.0502 -0.0393 +0.0149,1,1
+0.0383 -0.0098 +0.0156 +0.0068 +0.0327 -0.0348 +0.0210 -0.0075 -0.0409 -0.0502 +0.0300 -0.0352 +0.0061 -0.0397 +0.0365 +0.0052 +0.0180 -0.0010 +0.0294 -0.0064 -0.0321 +0.0032 -0.0113 -0.0053 -0.0048 +0.0115 -0.0502 -0.0393 +0.0149 +0.0637,1,1
-0.0098 +0.0156 +0.0068 +0.0327 -0.0348 +0.0210 -0.0075 -0.0409 -0.0502 +0.0300 -0.0352 +0.0061 -0.0397 +0.0365 +0.0052 +0.0180 -0.0010 +0.0294 -0.0064 -0.0321 +0.0032 -0.0113 -0.0053 -0.0048 +0.0115 -0.0502 -0.0393 +0.0149 +0.0637 +0.0159,1,1
+0.0156 +0.0068 +0.0327 -0.0348 +0.0210 -0.0075 -0.0409 -0.0502 +0.0300 -0.0352 +0.0061 -0.0397 +0.0365 +0.0052 +0.0180 -0.0010 +0.0294 -0.0064 -0.0321 +0.0032 -0.0113 -0.0053 -0.0048 +0.0115 -0.0502 -0.0393 +0.0149 +0.0637 +0.0159 +0.0022,0,1
+0.0068 +0.0327 -0.0348 +0.0210 -0.0075 -0.0409 -0.0502 +0.0300 -0.0352 +0.0061 -0.0397 +0.0365 +0.0052 +0.0180 -0.0010 +0.0294 -0.0064 -0.0321 +0.0032 -0.0113 -0.0053 -0.0048 +0.0115 -0.0502 -0.0393 +0.0149 +0.0637 +0.0159 +0.0022 -0.0136,0,1
+0.0327 -0.0348 +0.0210 -0.0075 -0.0409 -0.0502 +0.0300 -0.0352 +0.0061 -0.0397 +0.0365 +0.0052 +0.0180 -0.0010 +0.0294 -0.0064 -0.0321 +0.0032 -0.0113 -0.0053 -0.0048 +0.0115 -0.0502 -0.0393 +0.0149 +0.0637 +0.0159 +0.0022 -0.0136 -0.0131,0,1
-0.0348 +0.0210 -0.0075 -0.0409 -0.0502 +0.0300 -0.0352 +0.0061 -0.0397 +0.0365 +0.0052 +0.0180 -0.0010 +0.0294 -0.0064 -0.0321 +0.0032 -0.0113 -0.0053 -0.0048 +0.0115 -0.0502 -0.0393 +0.0149 +0.0637 +0.0159 +0.0022 -0.0136 -0.0131 -0.0184,1,1
+0.0210 -0.0075 -0.0409 -0.0502 +0.0300 -0.0352 +0.0061 -0.0397 +0.0365 +0.0052 +0.0180 -0.0010 +0.0294 -0.0064 -0.0321 +0.0032 -0.0113 -0.0053 -0.0048 +0.0115 -0.0502 -0.0393 +0.0149 +0.0637 +0.0159 +0.0022 -0.0136 -0.0131 -0.0184 +0.0304,0,1
-0.0075 -0.0409 -0.0502 +0.0300 -0.0352 +0.0061 -0.0397 +0.0365 +0.0052 +0.0180 -0.0010 +0.0294 -0.0064 -0.0321 +0.0032 -0.0113 -0.0053 -0.0048 +0.0115 -0.0502 -0.0393 +0.0149 +0.0637 +0.0159 +0.0022 -0.0136 -0.0131 -0.0184 +0.0304 -0.0358,1,1
-0.0409 -0.0502 +0.0300 -0.0352 +0.0061 -0.0397 +0.0365 +0.0052 +0.0180 -0.0010 +0.0294 -0.0064 -0.0321 +0.0032 -0.0113 -0.0053 -0.0048 +0.0115 -0.0502 -0.0393 +0.0149 +0.0637 +0.0159 +0.0022 -0.0136 -0.0131 -0.0184 +0.0304 -0.0358 +0.0000,1,1
-0.0502 +0.0300 -0.0352 +0.0061 -0.0397 +0.0365 +0.0052 +0.0180 -0.0010 +0.0294 -0.0064 -0.0321 +0.0032 -0.0113 -0.0053 -0.0048 +0.0115 -0.0502 -0.0393 +0.0149 +0.0637 +0.0159 +0.0022 -0.0136 -0.0131 -0.0184 +0.0304 -0.0358 +0.0000 +0.0108,1,1
+0.0300 -0.0352 +0.0061 -0.0397 +0.0365 +0.0052 +0.0180 -0.0010 +0.0294 -0.0064 -0.0321 +0.0032 -0.0113 -0.0053 -0.0048 +0.0115 -0.0502 -0.0393 +0.0149 +0.0637 +0.0159 +0.0022 -0.0136 -0.0131 -0.0184 +0.0304 -0.0358 +0.0000 +0.0108 +0.0236,0,1
-0.0352 +0.0061 -0.0397 +0.0365 +0.0052 +0.0180 -0.0010 +0.0294 -0.0064 -0.0321 +0.0032 -0.0113 -0.0053 -0.0048 +0.0115 -0.0502 -0.0393 +0.0149 +0.0637 +0.0159 +0.0022 -0.0136 -0.0131 -0.0184 +0.0304 -0.0358 +0.0000 +0.0108 +0.0236 -0.0214,1,1
+0.0061 -0.0397 +0.0365 +0.0052 +0.0180 -0.0010 +0.0294 -0.0064 -0.0321 +0.0032 -0.0113 -0.0053 -0.0048 +0.0115 -0.0502 -0.0393 +0.0149 +0.0637 +0.0159 +0.0022 -0.0136 -0.0131 -0.0184 +0.0304 -0.0358 +0.0000 +0.0108 +0.0236 -0.0214 +0.0766,0,1
-0.0397 +0.0365 +0.0052 +0.0180 -0.0010 +0.0294 -0.0064 -0.0321 +0.0032 -0.0113 -0.0053 -0.0048 +0.0115 -0.0502 -0.0393 +0.0149 +0.0637 +0.0159 +0.0022 -0.0136 -0.0131 -0.0184 +0.0304 -0.0358 +0.0000 +0.0108 +0.0236 -0.0214 +0.0766 -0.0156,1,1
+0.0365 +0.0052 +0.0180 -0.0010 +0.0294 -0.0064 -0.0321 +0.0032 -0.0113 -0.0053 -0.0048 +0.0115 -0.0502 -0.0393 +0.0149 +0.0637 +0.0159 +0.0022 -0.0136 -0.0131 -0.0184 +0.0304 -0.0358 +0.0000 +0.0108 +0.0236 -0.0214 +0.0766 -0.0156 +0.0279,0,1
+0.0052 +0.0180 -0.0010 +0.0294 -0.0064 -0.0321 +0.0032 -0.0113 -0.0053 -0.0048 +0.0115 -0.0502 -0.0393 +0.0149 +0.0637 +0.0159 +0.0022 -0.0136 -0.0131 -0.0184 +0.0304 -0.0358 +0.0000 +0.0108 +0.0236 -0.0214 +0.0766 -0.0156 +0.0279 -0.0017,0,1
+0.0180 -0.0010 +0.0294 -0.0064 -0.0321 +0.0032 -0.0113 -0.0053 -0.0048 +0.0115 -0.0502 -0.0393 +0.0149 +0.0637 +0.0159 +0.0022 -0.0136 -0.0131 -0.0184 +0.0304 -0.0358 +0.0000 +0.0108 +0.0236 -0.0214 +0.0766 -0.0156 +0.0279 -0.0017 -0.0099,1,1
-0.0010 +0.0294 -0.0064 -0.0321 +0.0032 -0.0113 -0.0053 -0.0048 +0.0115 -0.0502 -0.0393 +0.0149 +0.0637 +0.0159 +0.0022 -0.0136 -0.0131 -0.0184 +0.0304 -0.0358 +0.0000 +0.0108 +0.0236 -0.0214 +0.0766 -0.0156 +0.0279 -0.0017 -0.0099 +0.0780,0,1
+0.0294 -0.0064 -0.0321 +0.0032 -0.0113 -0.0053 -0.0048 +0.0115 -0.0502 -0.0393 +0.0149 +0.0637 +0.0159 +0.0022 -0.0136 -0.0131 -0.0184 +0.0304 -0.0358 +0.0000 +0.0108 +0.0236 -0.0214 +0.0766 -0.0156 +0.0279 -0.0017 -0.0099 +0.0780 -0.0184,0,1
-0.0064 -0.0321 +0.0032 -0.0113 -0.0053 -0.0048 +0.0115 -0.0502 -0.0393 +0.0149 +0.0637 +0.0159 +0.0022 -0.0136 -0.0131 -0.0184 +0.0304 -0.0358 +0.0000 +0.0108 +0.0236 -0.0214 +0.0766 -0.0156 +0.0279 -0.0017 -0.0099 +0.0780 -0.0184 -0.0145,0,1
-0.0321 +0.0032 -0.0113 -0.0053 -0.0048 +0.0115 -0.0502 -0.0393 +0.0149 +0.0637 +0.0159 +0.0022 -0.0136 -0.0131 -0.0184 +0.0304 -0.0358 +0.0000 +0.0108 +0.0236 -0.0214 +0.0766 -0.0156 +0.0279 -0.0017 -0.0099 +0.0780 -0.0184 -0.0145 -0.0173,1,1
+0.0032 -0.0113 -0.0053 -0.0048 +0.0115 -0.0502 -0.0393 +0.0149 +0.0637 +0.0159 +0.0022 -0.0136 -0.0131 -0.0184 +0.0304 -0.0358 +0.0000 +0.0108 +0.0236 -0.0214 +0.0766 -0.0156 +0.0279 -0.0017 -0.0099 +0.0780 -0.0184 -0.0145 -0.0173 +0.0088,1,1
-0.0113 -0.0053 -0.0048 +0.0115 -0.0502 -0.0393 +0.0149 +0.0637 +0.0159 +0.0022 -0.0136 -0.0131 -0.0184 +0.0304 -0.0358 +0.0000 +0.0108 +0.0236 -0.0214 +0.0766 -0.0156 +0.0279 -0.0017 -0.0099 +0.0780 -0.0184 -0.0145 -0.0173 +0.0088 +0.0108,0,1
-0.0053 -0.0048 +0.0115 -0.0502 -0.0393 +0.0149 +0.0637 +0.0159 +0.0022 -0.0136 -0.0131 -0.0184 +0.0304 -0.0358 +0.0000 +0.0108 +0.0236 -0.0214 +0.0766 -0.0156 +0.0279 -0.0017 -0.0099 +0.0780 -0.0184 -0.0145 -0.0173 +0.0088 +0.0108 -0.0108,1,1
-0.0048 +0.0115 -0.0502 -0.0393 +0.0149 +0.0637 +0.0159 +0.0022 -0.0136 -0.0131 -0.0184 +0.0304 -0.0358 +0.0000 +0.0108 +0.0236 -0.0214 +0.0766 -0.0156 +0.0279 -0.0017 -0.0099 +0.0780 -0.0184 -0.0145 -0.0173 +0.0088 +0.0108 -0.0108 +0.0128,0,1
+0.0115 -0.0502 -0.0393 +0.0149 +0.0637 +0.0159 +0.0022 -0.0136 -0.0131 -0.0184 +0.0304 -0.0358 +0.0000 +0.0108 +0.0236 -0.0214 +0.0766 -0.0156 +0.0279 -0.0017 -0.0099 +0.0780 -0.0184 -0.0145 -0.0173 +0.0088 +0.0108 -0.0108 +0.0128 -0.0158,0,1
-0.0502 -0.0393 +0.0149 +0.0637 +0.0159 +0.0022 -0.0136 -0.0131 -0.0184 +0.0304 -0.0358 +0.0000 +0.0108 +0.0236 -0.0214 +0.0766 -0.0156 +0.0279 -0.0017 -0.0099 +0.0780 -0.0184 -0.0145 -0.0173 +0.0088 +0.0108 -0.0108 +0.0128 -0.0158 -0.0105,1,1
-0.0393 +0.0149 +0.0637 +0.0159 +0.0022 -0.0136 -0.0131 -0.0184 +0.0304 -0.0358 +0.0000 +0.0108 +0.0236 -0.0214 +0.0766 -0.0156 +0.0279 -0.0017 -0.0099 +0.0780 -0.0184 -0.0145 -0.0173 +0.0088 +0.0108 -0.0108 +0.0128 -0.0158 -0.0105 +0.0116,0,1
+0.0149 +0.0637 +0.0159 +0.0022 -0.0136 -0.0131 -0.0184 +0.0304 -0.0358 +0.0000 +0.0108 +0.0236 -0.0214 +0.0766 -0.0156 +0.0279 -0.0017 -0.0099 +0.0780 -0.0184 -0.0145 -0.0173 +0.0088 +0.0108 -0.0108 +0.0128 -0.0158 -0.0105 +0.0116 -0.0128,1,1
+0.0637 +0.0159 +0.0022 -0.0136 -0.0131 -0.0184 +0.0304 -0.0358 +0.0000 +0.0108 +0.0236 -0.0214 +0.0766 -0.0156 +0.0279 -0.0017 -0.0099 +0.0780 -0.0184 -0.0145 -0.0173 +0.0088 +0.0108 -0.0108 +0.0128 -0.0158 -0.0105 +0.0116 -0.0128 +0.0032,1,1
+0.0159 +0.0022 -0.0136 -0.0131 -0.0184 +0.0304 -0.0358 +0.0000 +0.0108 +0.0236 -0.0214 +0.0766 -0.0156 +0.0279 -0.0017 -0.0099 +0.0780 -0.0184 -0.0145 -0.0173 +0.0088 +0.0108 -0.0108 +0.0128 -0.0158 -0.0105 +0.0116 -0.0128 +0.0032 +0.0007,1,1
+0.0022 -0.0136 -0.0131 -0.0184 +0.0304 -0.0358 +0.0000 +0.0108 +0.0236 -0.0214 +0.0766 -0.0156 +0.0279 -0.0017 -0.0099 +0.0780 -0.0184 -0.0145 -0.0173 +0.0088 +0.0108 -0.0108 +0.0128 -0.0158 -0.0105 +0.0116 -0.0128 +0.0032 +0.0007 +0.0155,1,1
-0.0136 -0.0131 -0.0184 +0.0304 -0.0358 +0.0000 +0.0108 +0.0236 -0.0214 +0.0766 -0.0156 +0.0279 -0.0017 -0.0099 +0.0780 -0.0184 -0.0145 -0.0173 +0.0088 +0.0108 -0.0108 +0.0128 -0.0158 -0.0105 +0.0116 -0.0128 +0.0032 +0.0007 +0.0155 +0.0256,1,1
-0.0131 -0.0184 +0.0304 -0.0358 +0.0000 +0.0108 +0.0236 -0.0214 +0.0766 -0.0156 +0.0279 -0.0017 -0.0099 +0.0780 -0.0184 -0.0145 -0.0173 +0.0088 +0.0108 -0.0108 +0.0128 -0.0158 -0.0105 +0.0116 -0.0128 +0.0032 +0.0007 +0.0155 +0.0256 +0.0073,0,1
-0.0184 +0.0304 -0.0358 +0.0000 +0.0108 +0.0236 -0.0214 +0.0766 -0.0156 +0.0279 -0.0017 -0.0099 +0.0780 -0.0184 -0.0145 -0.0173 +0.0088 +0.0108 -0.0108 +0.0128 -0.0158 -0.0105 +0.0116 -0.0128 +0.0032 +0.0007 +0.0155 +0.0256 +0.0073 -0.0046,0,1
+0.0304 -0.0358 +0.0000 +0.0108 +0.0236 -0.0214 +0.0766 -0.0156 +0.0279 -0.0017 -0.0099 +0.0780 -0.0184 -0.0145 -0.0173 +0.0088 +0.0108 -0.0108 +0.0128 -0.0158 -0.0105 +0.0116 -0.0128 +0.0032 +0.0007 +0.0155 +0.0256 +0.0073 -0.0046 -0.0200,0,1
-0.0358 +0.0000 +0.0108 +0.0236 -0.0214 +0.0766 -0.0156 +0.0279 -0.0017 -0.0099 +0.0780 -0.0184 -0.0145 -0.0173 +0.0088 +0.0108 -0.0108 +0.0128 -0.0158 -0.0105 +0.0116 -0.0128 +0.0032 +0.0007 +0.0155 +0.0256 +0.0073 -0.0046 -0.0200 -0.0005,1,1
+0.0000 +0.0108 +0.0236 -0.0214 +0.0766 -0.0156 +0.0279 -0.0017 -0.0099 +0.0780 -0.0184 -0.0145 -0.0173 +0.0088 +0.0108 -0.0108 +0.0128 -0.0158 -0.0105 +0.0116 -0.0128 +0.0032 +0.0007 +0.0155 +0.0256 +0.0073 -0.0046 -0.0200 -0.0005 +0.0049,0,1
+0.0108 +0.0236 -0.0214 +0.0766 -0.0156 +0.0279 -0.0017 -0.0099 +0.0780 -0.0184 -0.0145 -0.0173 +0.0088 +0.0108 -0.0108 +0.0128 -0.0158 -0.0105 +0.0116 -0.0128 +0.0032 +0.0007 +0.0155 +0.0256 +0.0073 -0.0046 -0.0200 -0.0005 +0.0049 -0.0019,0,1
+0.0236 -0.0214 +0.0766 -0.0156 +0.0279 -0.0017 -0.0099 +0.0780 -0.0184 -0.0145 -0.0173 +0.0088 +0.0108 -0.0108 +0.0128 -0.0158 -0.0105 +0.0116 -0.0128 +0.0032 +0.0007 +0.0155 +0.0256 +0.0073 -0.0046 -0.0200 -0.0005 +0.0049 -0.0019 -0.0314,1,1
-0.0214 +0.0766 -0.0156 +0.0279 -0.0017 -0.0099 +0.0780 -0.0184 -0.0145 -0.0173 +0.0088 +0.0108 -0.0108 +0.0128 -0.0158 -0.0105 +0.0116 -0.0128 +0.0032 +0.0007 +0.0155 +0.0256 +0.0073 -0.0046 -0.0200 -0.0005 +0.0049 -0.0019 -0.0314 +0.0135,0,1
+0.0766 -0.0156 +0.0279 -0.0017 -0.0099 +0.0780 -0.0184 -0.0145 -0.0173 +0.0088 +0.0108 -0.0108 +0.0128 -0.0158 -0.0105 +0.0116 -0.0128 +0.0032 +0.0007 +0.0155 +0.0256 +0.0073 -0.0046 -0.0200 -0.0005 +0.0049 -0.0019 -0.0314 +0.0135 -0.0218,0,1
-0.0156 +0.0279 -0.0017 -0.0099 +0.0780 -0.0184 -0.0145 -0.0173 +0.0088 +0.0108 -0.0108 +0.0128 -0.0158 -0.0105 +0.0116 -0.0128 +0.0032 +0.0007 +0.0155 +0.0256 +0.0073 -0.0046 -0.0200 -0.0005 +0.0049 -0.0019 -0.0314 +0.0135 -0.0218 -0.0112,1,1
+0.0279 -0.0017 -0.0099 +0.0780 -0.0184 -0.0145 -0.0173 +0.0088 +0.0108 -0.0108 +0.0128 -0.0158 -0.0105 +0.0116 -0.0128 +0.0032 +0.0007 +0.0155 +0.0256 +0.0073 -0.0046 -0.0200 -0.0005 +0.0049 -0.0019 -0.0314 +0.0135 -0.0218 -0.0112 +0.0027,1,1
-0.0017 -0.0099 +0.0780 -0.0184 -0.0145 -0.0173 +0.0088 +0.0108 -0.0108 +0.0128 -0.0158 -0.0105 +0.0116 -0.0128 +0.0032 +0.0007 +0.0155 +0.0256 +0.0073 -0.0046 -0.0200 -0.0005 +0.0049 -0.0019 -0.0314 +0.0135 -0.0218 -0.0112 +0.0027 +0.0068,0,1
-0.0099 +0.0780 -0.0184 -0.0145 -0.0173 +0.0088 +0.0108 -0.0108 +0.0128 -0.0158 -0.0105 +0.0116 -0.0128 +0.0032 +0.0007 +0.0155 +0.0256 +0.0073 -0.0046 -0.0200 -0.0005 +0.0049 -0.0019 -0.0314 +0.0135 -0.0218 -0.0112 +0.0027 +0.0068 -0.0022,0,1
+0.0780 -0.0184 -0.0145 -0.0173 +0.0088 +0.0108 -0.0108 +0.0128 -0.0158 -0.0105 +0.0116 -0.0128 +0.0032 +0.0007 +0.0155 +0.0256 +0.0073 -0.0046 -0.0200 -0.0005 +0.0049 -0.0019 -0.0314 +0.0135 -0.0218 -0.0112 +0.0027 +0.0068 -0.0022 -0.0203,0,1
-0.0184 -0.0145 -0.0173 +0.0088 +0.0108 -0.0108 +0.0128 -0.0158 -0.0105 +0.0116 -0.0128 +0.0032 +0.0007 +0.0155 +0.0256 +0.0073 -0.0046 -0.0200 -0.0005 +0.0049 -0.0019 -0.0314 +0.0135 -0.0218 -0.0112 +0.0027 +0.0068 -0.0022 -0.0203 -0.0028,0,1
-0.0145 -0.0173 +0.0088 +0.0108 -0.0108 +0.0128 -0.0158 -0.0105 +0.0116 -0.0128 +0.0032 +0.0007 +0.0155 +0.0256 +0.0073 -0.0046 -0.0200 -0.0005 +0.0049 -0.0019 -0.0314 +0.0135 -0.0218 -0.0112 +0.0027 +0.0068 -0.0022 -0.0203 -0.0028 -0.0020,0,1
-0.0173 +0.0088 +0.0108 -0.0108 +0.0128 -0.0158 -0.0105 +0.0116 -0.0128 +0.0032 +0.0007 +0.0155 +0.0256 +0.0073 -0.0046 -0.0200 -0.0005 +0.0049 -0.0019 -0.0314 +0.0135 -0.0218 -0.0112 +0.0027 +0.0068 -0.0022 -0.0203 -0.0028 -0.0020 -0.0113,1,1
+0.0088 +0.0108 -0.0108 +0.0128 -0.0158 -0.0105 +0.0116 -0.0128 +0.0032 +0.0007 +0.0155 +0.0256 +0.0073 -0.0046 -0.0200 -0.0005 +0.0049 -0.0019 -0.0314 +0.0135 -0.0218 -0.0112 +0.0027 +0.0068 -0.0022 -0.0203 -0.0028 -0.0020 -0.0113 +0.0024,0,1
+0.0108 -0.0108 +0.0128 -0.0158 -0.0105 +0.0116 -0.0128 +0.0032 +0.0007 +0.0155 +0.0256 +0.0073 -0.0046 -0.0200 -0.0005 +0.0049 -0.0019 -0.0314 +0.0135 -0.0218 -0.0112 +0.0027 +0.0068 -0.0022 -0.0203 -0.0028 -0.0020 -0.0113 +0.0024 -0.0167,0,1
-0.0108 +0.0128 -0.0158 -0.0105 +0.0116 -0.0128 +0.0032 +0.0007 +0.0155 +0.0256 +0.0073 -0.0046 -0.0200 -0.0005 +0.0049 -0.0019 -0.0314 +0.0135 -0.0218 -0.0112 +0.0027 +0.0068 -0.0022 -0.0203 -0.0028 -0.0020 -0.0113 +0.0024 -0.0167 -0.0460,1,1
+0.0128 -0.0158 -0.0105 +0.0116 -0.0128 +0.0032 +0.0007 +0.0155 +0.0256 +0.0073 -0.0046 -0.0200 -0.0005 +0.0049 -0.0019 -0.0314 +0.0135 -0.0218 -0.0112 +0.0027 +0.0068 -0.0022 -0.0203 -0.0028 -0.0020 -0.0113 +0.0024 -0.0167 -0.0460 +0.0253,0,1
-0.0158 -0.0105 +0.0116 -0.0128 +0.0032 +0.0007 +0.0155 +0.0256 +0.0073 -0.0046 -0.0200 -0.0005 +0.0049 -0.0019 -0.0314 +0.0135 -0.0218 -0.0112 +0.0027 +0.0068 -0.0022 -0.0203 -0.0028 -0.0020 -0.0113 +0.0024 -0.0167 -0.0460 +0.0253 -0.0161,1,1
-0.0105 +0.0116 -0.0128 +0.0032 +0.0007 +0.0155 +0.0256 +0.0073 -0.0046 -0.0200 -0.0005 +0.0049 -0.0019 -0.0314 +0.0135 -0.0218 -0.0112 +0.0027 +0.0068 -0.0022 -0.0203 -0.0028 -0.0020 -0.0113 +0.0024 -0.0167 -0.0460 +0.0253 -0.0161 +0.0130,0,1
+0.0116 -0.0128 +0.0032 +0.0007 +0.0155 +0.0256 +0.0073 -0.0046 -0.0200 -0.0005 +0.0049 -0.0019 -0.0314 +0.0135 -0.0218 -0.0112 +0.0027 +0.0068 -0.0022 -0.0203 -0.0028 -0.0020 -0.0113 +0.0024 -0.0167 -0.0460 +0.0253 -0.0161 +0.0130 -0.0209,1,1
-0.0128 +0.0032 +0.0007 +0.0155 +0.0256 +0.0073 -0.0046 -0.0200 -0.0005 +0.0049 -0.0019 -0.0314 +0.0135 -0.0218 -0.0112 +0.0027 +0.0068 -0.0022 -0.0203 -0.0028 -0.0020 -0.0113 +0.0024 -0.0167 -0.0460 +0.0253 -0.0161 +0.0130 -0.0209 +0.0094,1,1
+0.0032 +0.0007 +0.0155 +0.0256 +0.0073 -0.0046 -0.0200 -0.0005 +0.0049 -0.0019 -0.0314 +0.0135 -0.0218 -0.0112 +0.0027 +0.0068 -0.0022 -0.0203 -0.0028 -0.0020 -0.0113 +0.0024 -0.0167 -0.0460 +0.0253 -0.0161 +0.0130 -0.0209 +0.0094 +0.0294,1,1
+0.0007 +0.0155 +0.0256 +0.0073 -0.0046 -0.0200 -0.0005 +0.0049 -0.0019 -0.0314 +0.0135 -0.0218 -0.0112 +0.0027 +0.0068 -0.0022 -0.0203 -0.0028 -0.0020 -0.0113 +0.0024 -0.0167 -0.0460 +0.0253 -0.0161 +0.0130 -0.0209 +0.0094 +0.0294 +0.0028,0,1
+0.0155 +0.0256 +0.0073 -0.0046 -0.0200 -0.0005 +0.0049 -0.0019 -0.0314 +0.0135 -0.0218 -0.0112 +0.0027 +0.0068 -0.0022 -0.0203 -0.0028 -0.0020 -0.0113 +0.0024 -0.0167 -0.0460 +0.0253 -0.0161 +0.0130 -0.0209 +0.0094 +0.0294 +0.0028 -0.0131,0,1
+0.0256 +0.0073 -0.0046 -0.0200 -0.0005 +0.0049 -0.0019 -0.0314 +0.0135 -0.0218 -0.0112 +0.0027 +0.0068 -0.0022 -0.0203 -0.0028 -0.0020 -0.0113 +0.0024 -0.0167 -0.0460 +0.0253 -0.0161 +0.0130 -0.0209 +0.0094 +0.0294 +0.0028 -0.0131 -0.0299,0,1
+0.0073 -0.0046 -0.0200 -0.0005 +0.0049 -0.0019 -0.0314 +0.0135 -0.0218 -0.0112 +0.0027 +0.0068 -0.0022 -0.0203 -0.0028 -0.0020 -0.0113 +0.0024 -0.0167 -0.0460 +0.0253 -0.0161 +0.0130 -0.0209 +0.0094 +0.0294 +0.0028 -0.0131 -0.0299 -0.0531,0,1
-0.0046 -0.0200 -0.0005 +0.0049 -0.0019 -0.0314 +0.0135 -0.0218 -0.0112 +0.0027 +0.0068 -0.0022 -0.0203 -0.0028 -0.0020 -0.0113 +0.0024 -0.0167 -0.0460 +0.0253 -0.0161 +0.0130 -0.0209 +0.0094 +0.0294 +0.0028 -0.0131 -0.0299 -0.0531 -0.0055,1,1
-0.0200 -0.0005 +0.0049 -0.0019 -0.0314 +0.0135 -0.0218 -0.0112 +0.0027 +0.0068 -0.0022 -0.0203 -0.0028 -0.0020 -0.0113 +0.0024 -0.0167 -0.0460 +0.0253 -0.0161 +0.0130 -0.0209 +0.0094 +0.0294 +0.0028 -0.0131 -0.0299 -0.0531 -0.0055 +0.0290,0,1
-0.0005 +0.0049 -0.0019 -0.0314 +0.0135 -0.0218 -0.0112 +0.0027 +0.0068 -0.0022 -0.0203 -0.0028 -0.0020 -0.0113 +0.0024 -0.0167 -0.0460 +0.0253 -0.0161 +0.0130 -0.0209 +0.0094 +0.0294 +0.0028 -0.0131 -0.0299 -0.0531 -0.0055 +0.0290 -0.0421,1,1
+0.0049 -0.0019 -0.0314 +0.0135 -0.0218 -0.0112 +0.0027 +0.0068 -0.0022 -0.0203 -0.0028 -0.0020 -0.0113 +0.0024 -0.0167 -0.0460 +0.0253 -0.0161 +0.0130 -0.0209 +0.0094 +0.0294 +0.0028 -0.0131 -0.0299 -0.0531 -0.0055 +0.0290 -0.0421 +0.0153,1,1
-0.0019 -0.0314 +0.0135 -0.0218 -0.0112 +0.0027 +0.0068 -0.0022 -0.0203 -0.0028 -0.0020 -0.0113 +0.0024 -0.0167 -0.0460 +0.0253 -0.0161 +0.0130 -0.0209 +0.0094 +0.0294 +0.0028 -0.0131 -0.0299 -0.0531 -0.0055 +0.0290 -0.0421 +0.0153 +0.0230,0,1
-0.0314 +0.0135 -0.0218 -0.0112 +0.0027 +0.0068 -0.0022 -0.0203 -0.0028 -0.0020 -0.0113 +0.0024 -0.0167 -0.0460 +0.0253 -0.0161 +0.0130 -0.0209 +0.0094 +0.0294 +0.0028 -0.0131 -0.0299 -0.0531 -0.0055 +0.0290 -0.0421 +0.0153 +0.0230 -0.0046,0,1
+0.0135 -0.0218 -0.0112 +0.0027 +0.0068 -0.0022 -0.0203 -0.0028 -0.0020 -0.0113 +0.0024 -0.0167 -0.0460 +0.0253 -0.0161 +0.0130 -0.0209 +0.0094 +0.0294 +0.0028 -0.0131 -0.0299 -0.0531 -0.0055 +0.0290 -0.0421 +0.0153 +0.0230 -0.0046 -0.0069,1,1
-0.0218 -0.0112 +0.0027 +0.0068 -0.0022 -0.0203 -0.0028 -0.0020 -0.0113 +0.0024 -0.0167 -0.0460 +0.0253 -0.0161 +0.0130 -0.0209 +0.0094 +0.0294 +0.0028 -0.0131 -0.0299 -0.0531 -0.0055 +0.0290 -0.0421 +0.0153 +0.0230 -0.0046 -0.0069 +0.0097,1,1
-0.0112 +0.0027 +0.0068 -0.0022 -0.0203 -0.0028 -0.0020 -0.0113 +0.0024 -0.0167 -0.0460 +0.0253 -0.0161 +0.0130 -0.0209 +0.0094 +0.0294 +0.0028 -0.0131 -0.0299 -0.0531 -0.0055 +0.0290 -0.0421 +0.0153 +0.0230 -0.0046 -0.0069 +0.0097 +0.0230,1,1
+0.0027 +0.0068 -0.0022 -0.0203 -0.0028 -0.0020 -0.0113 +0.0024 -0.0167 -0.0460 +0.0253 -0.0161 +0.0130 -0.0209 +0.0094 +0.0294 +0.0028 -0.0131 -0.0299 -0.0531 -0.0055 +0.0290 -0.0421 +0.0153 +0.0230 -0.0046 -0.0069 +0.0097 +0.0230 +0.0263,1,1
+0.0068 -0.0022 -0.0203 -0.0028 -0.0020 -0.0113 +0.0024 -0.0167 -0.0460 +0.0253 -0.0161 +0.0130 -0.0209 +0.0094 +0.0294 +0.0028 -0.0131 -0.0299 -0.0531 -0.0055 +0.0290 -0.0421 +0.0153 +0.0230 -0.0046 -0.0069 +0.0097 +0.0230 +0.0263 +0.0672,1,1
-0.0022 -0.0203 -0.0028 -0.0020 -0.0113 +0.0024 -0.0167 -0.0460 +0.0253 -0.0161 +0.0130 -0.0209 +0.0094 +0.0294 +0.0028 -0.0131 -0.0299 -0.0531 -0.0055 +0.0290 -0.0421 +0.0153 +0.0230 -0.0046 -0.0069 +0.0097 +0.0230 +0.0263 +0.0672 +0.0035,0,1
-0.0203 -0.0028 -0.0020 -0.0113 +0.0024 -0.0167 -0.0460 +0.0253 -0.0161 +0.0130 -0.0209 +0.0094 +0.0294 +0.0028 -0.0131 -0.0299 -0.0531 -0.0055 +0.0290 -0.0421 +0.0153 +0.0230 -0.0046 -0.0069 +0.0097 +0.0230 +0.0263 +0.0672 +0.0035 -0.0150,0,1
-0.0028 -0.0020 -0.0113 +0.0024 -0.0167 -0.0460 +0.0253 -0.0161 +0.0130 -0.0209 +0.0094 +0.0294 +0.0028 -0.0131 -0.0299 -0.0531 -0.0055 +0.0290 -0.0421 +0.0153 +0.0230 -0.0046 -0.0069 +0.0097 +0.0230 +0.0263 +0.0672 +0.0035 -0.0150 -0.0023,1,1
-0.0020 -0.0113 +0.0024 -0.0167 -0.0460 +0.0253 -0.0161 +0.0130 -0.0209 +0.0094 +0.0294 +0.0028 -0.0131 -0.0299 -0.0531 -0.0055 +0.0290 -0.0421 +0.0153 +0.0230 -0.0046 -0.0069 +0.0097 +0.0230 +0.0263 +0.0672 +0.0035 -0.0150 -0.0023 +0.0428,1,1
-0.0113 +0.0024 -0.0167 -0.0460 +0.0253 -0.0161 +0.0130 -0.0209 +0.0094 +0.0294 +0.0028 -0.0131 -0.0299 -0.0531 -0.0055 +0.0290 -0.0421 +0.0153 +0.0230 -0.0046 -0.0069 +0.0097 +0.0230 +0.0263 +0.0672 +0.0035 -0.0150 -0.0023 +0.0428 +0.0068,1,1
+0.0024 -0.0167 -0.0460 +0.0253 -0.0161 +0.0130 -0.0209 +0.0094 +0.0294 +0.0028 -0.0131 -0.0299 -0.0531 -0.0055 +0.0290 -0.0421 +0.0153 +0.0230 -0.0046 -0.0069 +0.0097 +0.0230 +0.0263 +0.0672 +0.0035 -0.0150 -0.0023 +0.0428 +0.0068 +0.0148,0,1
-0.0167 -0.0460 +0.0253 -0.0161 +0.0130 -0.0209 +0.0094 +0.0294 +0.0028 -0.0131 -0.0299 -0.0531 -0.0055 +0.0290 -0.0421 +0.0153 +0.0230 -0.0046 -0.0069 +0.0097 +0.0230 +0.0263 +0.0672 +0.0035 -0.0150 -0.0023 +0.0428 +0.0068 +0.0148 -0.0084,0,1
-0.0460 +0.0253 -0.0161 +0.0130 -0.0209 +0.0094 +0.0294 +0.0028 -0.0131 -0.0299 -0.0531 -0.0055 +0.0290 -0.0421 +0.0153 +0.0230 -0.0046 -0.0069 +0.0097 +0.0230 +0.0263 +0.0672 +0.0035 -0.0150 -0.0023 +0.0428 +0.0068 +0.0148 -0.0084 -0.0245,0,1
+0.0253 -0.0161 +0.0130 -0.0209 +0.0094 +0.0294 +0.0028 -0.0131 -0.0299 -0.0531 -0.0055 +0.0290 -0.0421 +0.0153 +0.0230 -0.0046 -0.0069 +0.0097 +0.0230 +0.0263 +0.0672 +0.0035 -0.0150 -0.0023 +0.0428 +0.0068 +0.0148 -0.0084 -0.0245 -0.0084,1,1
-0.0161 +0.0130 -0.0209 +0.0094 +0.0294 +0.0028 -0.0131 -0.0299 -0.0531 -0.0055 +0.0290 -0.0421 +0.0153 +0.0230 -0.0046 -0.0069 +0.0097 +0.0230 +0.0263 +0.0672 +0.0035 -0.0150 -0.0023 +0.0428 +0.0068 +0.0148 -0.0084 -0.0245 -0.0084 +0.0062,1,1
+0.0130 -0.0209 +0.0094 +0.0294 +0.0028 -0.0131 -0.0299 -0.0531 -0.0055 +0.0290 -0.0421 +0.0153 +0.0230 -0.0046 -0.0069 +0.0097 +0.0230 +0.0263 +0.0672 +0.0035 -0.0150 -0.0023 +0.0428 +0.0068 +0.0148 -0.0084 -0.0245 -0.0084 +0.0062 +0.0325,0,1
-0.0209 +0.0094 +0.0294 +0.0028 -0.0131 -0.0299 -0.0531 -0.0055 +0.0290 -0.0421 +0.0153 +0.0230 -0.0046 -0.0069 +0.0097 +0.0230 +0.0263 +0.0672 +0.0035 -0.0150 -0.0023 +0.0428 +0.0068 +0.0148 -0.0084 -0.0245 -0.0084 +0.0062 +0.0325 -0.0015,1,1
+0.0094 +0.0294 +0.0028 -0.0131 -0.0299 -0.0531 -0.0055 +0.0290 -0.0421 +0.0153 +0.0230 -0.0046 -0.0069 +0.0097 +0.0230 +0.0263 +0.0672 +0.0035 -0.0150 -0.0023 +0.0428 +0.0068 +0.0148 -0.0084 -0.0245 -0.0084 +0.0062 +0.0325 -0.0015 +0.0065,0,1
+0.0294 +0.0028 -0.0131 -0.0299 -0.0531 -0.0055 +0.0290 -0.0421 +0.0153 +0.0230 -0.0046 -0.0069 +0.0097 +0.0230 +0.0263 +0.0672 +0.0035 -0.0150 -0.0023 +0.0428 +0.0068 +0.0148 -0.0084 -0.0245 -0.0084 +0.0062 +0.0325 -0.0015 +0.0065 -0.0210,0,1
+0.0028 -0.0131 -0.0299 -0.0531 -0.0055 +0.0290 -0.0421 +0.0153 +0.0230 -0.0046 -0.0069 +0.0097 +0.0230 +0.0263 +0.0672 +0.0035 -0.0150 -0.0023 +0.0428 +0.0068 +0.0148 -0.0084 -0.0245 -0.0084 +0.0062 +0.0325 -0.0015 +0.0065 -0.0210 -0.0093,0,1
-0.0131 -0.0299 -0.0531 -0.0055 +0.0290 -0.0421 +0.0153 +0.0230 -0.0046 -0.0069 +0.0097 +0.0230 +0.0263 +0.0672 +0.0035 -0.0150 -0.0023 +0.0428 +0.0068 +0.0148 -0.0084 -0.0245 -0.0084 +0.0062 +0.0325 -0.0015 +0.0065 -0.0210 -0.0093 -0.0239,1,1
-0.0299 -0.0531 -0.0055 +0.0290 -0.0421 +0.0153 +0.0230 -0.0046 -0.0069 +0.0097 +0.0230 +0.0263 +0.0672 +0.0035 -0.0150 -0.0023 +0.0428 +0.0068 +0.0148 -0.0084 -0.0245 -0.0084 +0.0062 +0.0325 -0.0015 +0.0065 -0.0210 -0.0093 -0.0239 +0.0114,0,1
-0.0531 -0.0055 +0.0290 -0.0421 +0.0153 +0.0230 -0.0046 -0.0069 +0.0097 +0.0230 +0.0263 +0.0672 +0.0035 -0.0150 -0.0023 +0.0428 +0.0068 +0.0148 -0.0084 -0.0245 -0.0084 +0.0062 +0.0325 -0.0015 +0.0065 -0.0210 -0.0093 -0.0239 +0.0114 -0.0603,0,1
-0.0055 +0.0290 -0.0421 +0.0153 +0.0230 -0.0046 -0.0069 +0.0097 +0.0230 +0.0263 +0.0672 +0.0035 -0.0150 -0.0023 +0.0428 +0.0068 +0.0148 -0.0084 -0.0245 -0.0084 +0.0062 +0.0325 -0.0015 +0.0065 -0.0210 -0.0093 -0.0239 +0.0114 -0.0603 -0.0120,0,1
+0.0290 -0.0421 +0.0153 +0.0230 -0.0046 -0.0069 +0.0097 +0.0230 +0.0263 +0.0672 +0.0035 -0.0150 -0.0023 +0.0428 +0.0068 +0.0148 -0.0084 -0.0245 -0.0084 +0.0062 +0.0325 -0.0015 +0.0065 -0.0210 -0.0093 -0.0239 +0.0114 -0.0603 -0.0120 -0.0422,0,1
-0.0421 +0.0153 +0.0230 -0.0046 -0.0069 +0.0097 +0.0230 +0.0263 +0.0672 +0.0035 -0.0150 -0.0023 +0.0428 +0.0068 +0.0148 -0.0084 -0.0245 -0.0084 +0.0062 +0.0325 -0.0015 +0.0065 -0.0210 -0.0093 -0.0239 +0.0114 -0.0603 -0.0120 -0.0422 -0.0710,1,1
+0.0153 +0.0230 -0.0046 -0.0069 +0.0097 +0.0230 +0.0263 +0.0672 +0.0035 -0.0150 -0.0023 +0.0428 +0.0068 +0.0148 -0.0084 -0.0245 -0.0084 +0.0062 +0.0325 -0.0015 +0.0065 -0.0210 -0.0093 -0.0239 +0.0114 -0.0603 -0.0120 -0.0422 -0.0710 +0.0378,0,1
+0.0230 -0.0046 -0.0069 +0.0097 +0.0230 +0.0263 +0.0672 +0.0035 -0.0150 -0.0023 +0.0428 +0.0068 +0.0148 -0.0084 -0.0245 -0.0084 +0.0062 +0.0325 -0.0015 +0.0065 -0.0210 -0.0093 -0.0239 +0.0114 -0.0603 -0.0120 -0.0422 -0.0710 +0.0378 -0.0180,1,1
-0.0046 -0.0069 +0.0097 +0.0230 +0.0263 +0.0672 +0.0035 -0.0150 -0.0023 +0.0428 +0.0068 +0.0148 -0.0084 -0.0245 -0.0084 +0.0062 +0.0325 -0.0015 +0.0065 -0.0210 -0.0093 -0.0239 +0.0114 -0.0603 -0.0120 -0.0422 -0.0710 +0.0378 -0.0180 +0.1214,0,1
-0.0069 +0.0097 +0.0230 +0.0263 +0.0672 +0.0035 -0.0150 -0.0023 +0.0428 +0.0068 +0.0148 -0.0084 -0.0245 -0.0084 +0.0062 +0.0325 -0.0015 +0.0065 -0.0210 -0.0093 -0.0239 +0.0114 -0.0603 -0.0120 -0.0422 -0.0710 +0.0378 -0.0180 +0.1214 -0.0135,1,1
+0.0097 +0.0230 +0.0263 +0.0672 +0.0035 -0.0150 -0.0023 +0.0428 +0.0068 +0.0148 -0.0084 -0.0245 -0.0084 +0.0062 +0.0325 -0.0015 +0.0065 -0.0210 -0.0093 -0.0239 +0.0114 -0.0603 -0.0120 -0.0422 -0.0710 +0.0378 -0.0180 +0.1214 -0.0135 +0.0011,0,1
+0.0230 +0.0263 +0.0672 +0.0035 -0.0150 -0.0023 +0.0428 +0.0068 +0.0148 -0.0084 -0.0245 -0.0084 +0.0062 +0.0325 -0.0015 +0.0065 -0.0210 -0.0093 -0.0239 +0.0114 -0.0603 -0.0120 -0.0422 -0.0710 +0.0378 -0.0180 +0.1214 -0.0135 +0.0011 -0.0365,1,1
+0.0263 +0.0672 +0.0035 -0.0150 -0.0023 +0.0428 +0.0068 +0.0148 -0.0084 -0.0245 -0.0084 +0.0062 +0.0325 -0.0015 +0.0065 -0.0210 -0.0093 -0.0239 +0.0114 -0.0603 -0.0120 -0.0422 -0.0710 +0.0378 -0.0180 +0.1214 -0.0135 +0.0011 -0.0365 +0.0108,1,1
+0.0672 +0.0035 -0.0150 -0.0023 +0.0428 +0.0068 +0.0148 -0.0084 -0.0245 -0.0084 +0.0062 +0.0325 -0.0015 +0.0065 -0.0210 -0.0093 -0.0239 +0.0114 -0.0603 -0.0120 -0.0422 -0.0710 +0.0378 -0.0180 +0.1214 -0.0135 +0.0011 -0.0365 +0.0108 +0.0211,0,1
+0.0035 -0.0150 -0.0023 +0.0428 +0.0068 +0.0148 -0.0084 -0.0245 -0.0084 +0.0062 +0.0325 -0.0015 +0.0065 -0.0210 -0.0093 -0.0239 +0.0114 -0.0603 -0.0120 -0.0422 -0.0710 +0.0378 -0.0180 +0.1214 -0.0135 +0.0011 -0.0365 +0.0108 +0.0211 -0.0309,0,1
-0.0150 -0.0023 +0.0428 +0.0068 +0.0148 -0.0084 -0.0245 -0.0084 +0.0062 +0.0325 -0.0015 +0.0065 -0.0210 -0.0093 -0.0239 +0.0114 -0.0603 -0.0120 -0.0422 -0.0710 +0.0378 -0.0180 +0.1214 -0.0135 +0.0011 -0.0365 +0.0108 +0.0211 -0.0309 -0.0200,1,1
-0.0023 +0.0428 +0.0068 +0.0148 -0.0084 -0.0245 -0.0084 +0.0062 +0.0325 -0.0015 +0.0065 -0.0210 -0.0093 -0.0239 +0.0114 -0.0603 -0.0120 -0.0422 -0.0710 +0.0378 -0.0180 +0.1214 -0.0135 +0.0011 -0.0365 +0.0108 +0.0211 -0.0309 -0.0200 +0.0232,1,1
+0.0428 +0.0068 +0.0148 -0.0084 -0.0245 -0.0084 +0.0062 +0.0325 -0.0015 +0.0065 -0.0210 -0.0093 -0.0239 +0.0114 -0.0603 -0.0120 -0.0422 -0.0710 +0.0378 -0.0180 +0.1214 -0.0135 +0.0011 -0.0365 +0.0108 +0.0211 -0.0309 -0.0200 +0.0232 +0.0099,0,1
+0.0068 +0.0148 -0.0084 -0.0245 -0.0084 +0.0062 +0.0325 -0.0015 +0.0065 -0.0210 -0.0093 -0.0239 +0.0114 -0.0603 -0.0120 -0.0422 -0.0710 +0.0378 -0.0180 +0.1214 -0.0135 +0.0011 -0.0365 +0.0108 +0.0211 -0.0309 -0.0200 +0.0232 +0.0099 -0.0167,1,1
+0.0148 -0.0084 -0.0245 -0.0084 +0.0062 +0.0325 -0.0015 +0.0065 -0.0210 -0.0093 -0.0239 +0.0114 -0.0603 -0.0120 -0.0422 -0.0710 +0.0378 -0.0180 +0.1214 -0.0135 +0.0011 -0.0365 +0.0108 +0.0211 -0.0309 -0.0200 +0.0232 +0.0099 -0.0167 +0.0173,0,1
-0.0084 -0.0245 -0.0084 +0.0062 +0.0325 -0.0015 +0.0065 -0.0210 -0.0093 -0.0239 +0.0114 -0.0603 -0.0120 -0.0422 -0.0710 +0.0378 -0.0180 +0.1214 -0.0135 +0.0011 -0.0365 +0.0108 +0.0211 -0.0309 -0.0200 +0.0232 +0.0099 -0.0167 +0.0173 -0.0081,1,1
-0.0245 -0.0084 +0.0062 +0.0325 -0.0015 +0.0065 -0.0210 -0.0093 -0.0239 +0.0114 -0.0603 -0.0120 -0.0422 -0.0710 +0.0378 -0.0180 +0.1214 -0.0135 +0.0011 -0.0365 +0.0108 +0.0211 -0.0309 -0.0200 +0.0232 +0.0099 -0.0167 +0.0173 -0.0081 +0.0366,0,1
-0.0084 +0.0062 +0.0325 -0.0015 +0.0065 -0.0210 -0.0093 -0.0239 +0.0114 -0.0603 -0.0120 -0.0422 -0.0710 +0.0378 -0.0180 +0.1214 -0.0135 +0.0011 -0.0365 +0.0108 +0.0211 -0.0309 -0.0200 +0.0232 +0.0099 -0.0167 +0.0173 -0.0081 +0.0366 -0.0130,1,1
+0.0062 +0.0325 -0.0015 +0.0065 -0.0210 -0.0093 -0.0239 +0.0114 -0.0603 -0.0120 -0.0422 -0.0710 +0.0378 -0.0180 +0.1214 -0.0135 +0.0011 -0.0365 +0.0108 +0.0211 -0.0309 -0.0200 +0.0232 +0.0099 -0.0167 +0.0173 -0.0081 +0.0366 -0.0130 +0.0615,1,1
+0.0325 -0.0015 +0.0065 -0.0210 -0.0093 -0.0239 +0.0114 -0.0603 -0.0120 -0.0422 -0.0710 +0.0378 -0.0180 +0.1214 -0.0135 +0.0011 -0.0365 +0.0108 +0.0211 -0.0309 -0.0200 +0.0232 +0.0099 -0.0167 +0.0173 -0.0081 +0.0366 -0.0130 +0.0615 +0.0013,1,1
-0.0015 +0.0065 -0.0210 -0.0093 -0.0239 +0.0114 -0.0603 -0.0120 -0.0422 -0.0710 +0.0378 -0.0180 +0.1214 -0.0135 +0.0011 -0.0365 +0.0108 +0.0211 -0.0309 -0.0200 +0.0232 +0.0099 -0.0167 +0.0173 -0.0081 +0.0366 -0.0130 +0.0615 +0.0013 +0.0024,0,1
+0.0065 -0.0210 -0.0093 -0.0239 +0.0114 -0.0603 -0.0120 -0.0422 -0.0710 +0.0378 -0.0180 +0.1214 -0.0135 +0.0011 -0.0365 +0.0108 +0.0211 -0.0309 -0.0200 +0.0232 +0.0099 -0.0167 +0.0173 -0.0081 +0.0366 -0.0130 +0.0615 +0.0013 +0.0024 -0.0226,0,1
-0.0210 -0.0093 -0.0239 +0.0114 -0.0603 -0.0120 -0.0422 -0.0710 +0.0378 -0.0180 +0.1214 -0.0135 +0.0011 -0.0365 +0.0108 +0.0211 -0.0309 -0.0200 +0.0232 +0.0099 -0.0167 +0.0173 -0.0081 +0.0366 -0.0130 +0.0615 +0.0013 +0.0024 -0.0226 -0.0537,0,1
-0.0093 -0.0239 +0.0114 -0.0603 -0.0120 -0.0422 -0.0710 +0.0378 -0.0180 +0.1214 -0.0135 +0.0011 -0.0365 +0.0108 +0.0211 -0.0309 -0.0200 +0.0232 +0.0099 -0.0167 +0.0173 -0.0081 +0.0366 -0.0130 +0.0615 +0.0013 +0.0024 -0.0226 -0.0537 -0.0080,1,1
-0.0239 +0.0114 -0.0603 -0.0120 -0.0422 -0.0710 +0.0378 -0.0180 +0.1214 -0.0135 +0.0011 -0.0365 +0.0108 +0.0211 -0.0309 -0.0200 +0.0232 +0.0099 -0.0167 +0.0173 -0.0081 +0.0366 -0.0130 +0.0615 +0.0013 +0.0024 -0.0226 -0.0537 -0.0080 +0.0061,0,1
+0.0114 -0.0603 -0.0120 -0.0422 -0.0710 +0.0378 -0.0180 +0.1214 -0.0135 +0.0011 -0.0365 +0.0108 +0.0211 -0.0309 -0.0200 +0.0232 +0.0099 -0.0167 +0.0173 -0.0081 +0.0366 -0.0130 +0.0615 +0.0013 +0.0024 -0.0226 -0.0537 -0.0080 +0.0061 -0.0045,0,1
-0.0603 -0.0120 -0.0422 -0.0710 +0.0378 -0.0180 +0.1214 -0.0135 +0.0011 -0.0365 +0.0108 +0.0211 -0.0309 -0.0200 +0.0232 +0.0099 -0.0167 +0.0173 -0.0081 +0.0366 -0.0130 +0.0615 +0.0013 +0.0024 -0.0226 -0.0537 -0.0080 +0.0061 -0.0045 -0.0025,0,1
-0.0120 -0.0422 -0.0710 +0.0378 -0.0180 +0.1214 -0.0135 +0.0011 -0.0365 +0.0108 +0.0211 -0.0309 -0.0200 +0.0232 +0.0099 -0.0167 +0.0173 -0.0081 +0.0366 -0.0130 +0.0615 +0.0013 +0.0024 -0.0226 -0.0537 -0.0080 +0.0061 -0.0045 -0.0025 -0.0279,1,1
-0.0422 -0.0710 +0.0378 -0.0180 +0.1214 -0.0135 +0.0011 -0.0365 +0.0108 +0.0211 -0.0309 -0.0200 +0.0232 +0.0099 -0.0167 +0.0173 -0.0081 +0.0366 -0.0130 +0.0615 +0.0013 +0.0024 -0.0226 -0.0537 -0.0080 +0.0061 -0.0045 -0.0025 -0.0279 +0.0312,0,1
-0.0710 +0.0378 -0.0180 +0.1214 -0.0135 +0.0011 -0.0365 +0.0108 +0.0211 -0.0309 -0.0200 +0.0232 +0.0099 -0.0167 +0.0173 -0.0081 +0.0366 -0.0130 +0.0615 +0.0013 +0.0024 -0.0226 -0.0537 -0.0080 +0.0061 -0.0045 -0.0025 -0.0279 +0.0312 -0.0284,1,1
+0.0378 -0.0180 +0.1214 -0.0135 +0.0011 -0.0365 +0.0108 +0.0211 -0.0309 -0.0200 +0.0232 +0.0099 -0.0167 +0.0173 -0.0081 +0.0366 -0.0130 +0.0615 +0.0013 +0.0024 -0.0226 -0.0537 -0.0080 +0.0061 -0.0045 -0.0025 -0.0279 +0.0312 -0.0284 +0.0094,0,1
-0.0180 +0.1214 -0.0135 +0.0011 -0.0365 +0.0108 +0.0211 -0.0309 -0.0200 +0.0232 +0.0099 -0.0167 +0.0173 -0.0081 +0.0366 -0.0130 +0.0615 +0.0013 +0.0024 -0.0226 -0.0537 -0.0080 +0.0061 -0.0045 -0.0025 -0.0279 +0.0312 -0.0284 +0.0094 -0.0312,0,1
+0.1214 -0.0135 +0.0011 -0.0365 +0.0108 +0.0211 -0.0309 -0.0200 +0.0232 +0.0099 -0.0167 +0.0173 -0.0081 +0.0366 -0.0130 +0.0615 +0.0013 +0.0024 -0.0226 -0.0537 -0.0080 +0.0061 -0.0045 -0.0025 -0.0279 +0.0312 -0.0284 +0.0094 -0.0312 -0.0394,1,1
-0.0135 +0.0011 -0.0365 +0.0108 +0.0211 -0.0309 -0.0200 +0.0232 +0.0099 -0.0167 +0.0173 -0.0081 +0.0366 -0.0130 +0.0615 +0.0013 +0.0024 -0.0226 -0.0537 -0.0080 +0.0061 -0.0045 -0.0025 -0.0279 +0.0312 -0.0284 +0.0094 -0.0312 -0.0394 +0.0035,1,1
+0.0011 -0.0365 +0.0108 +0.0211 -0.0309 -0.0200 +0.0232 +0.0099 -0.0167 +0.0173 -0.0081 +0.0366 -0.0130 +0.0615 +0.0013 +0.0024 -0.0226 -0.0537 -0.0080 +0.0061 -0.0045 -0.0025 -0.0279 +0.0312 -0.0284 +0.0094 -0.0312 -0.0394 +0.0035 +0.0130,1,1
-0.0365 +0.0108 +0.0211 -0.0309 -0.0200 +0.0232 +0.0099 -0.0167 +0.0173 -0.0081 +0.0366 -0.0130 +0.0615 +0.0013 +0.0024 -0.0226 -0.0537 -0.0080 +0.0061 -0.0045 -0.0025 -0.0279 +0.0312 -0.0284 +0.0094 -0.0312 -0.0394 +0.0035 +0.0130 +0.0397,1,1
+0.0108 +0.0211 -0.0309 -0.0200 +0.0232 +0.0099 -0.0167 +0.0173 -0.0081 +0.0366 -0.0130 +0.0615 +0.0013 +0.0024 -0.0226 -0.0537 -0.0080 +0.0061 -0.0045 -0.0025 -0.0279 +0.0312 -0.0284 +0.0094 -0.0312 -0.0394 +0.0035 +0.0130 +0.0397 +0.0110,0,1
+0.0211 -0.0309 -0.0200 +0.0232 +0.0099 -0.0167 +0.0173 -0.0081 +0.0366 -0.0130 +0.0615 +0.0013 +0.0024 -0.0226 -0.0537 -0.0080 +0.0061 -0.0045 -0.0025 -0.0279 +0.0312 -0.0284 +0.0094 -0.0312 -0.0394 +0.0035 +0.0130 +0.0397 +0.0110 -0.0053,1,1
-0.0309 -0.0200 +0.0232 +0.0099 -0.0167 +0.0173 -0.0081 +0.0366 -0.0130 +0.0615 +0.0013 +0.0024 -0.0226 -0.0537 -0.0080 +0.0061 -0.0045 -0.0025 -0.0279 +0.0312 -0.0284 +0.0094 -0.0312 -0.0394 +0.0035 +0.0130 +0.0397 +0.0110 -0.0053 +0.0137,1,1
-0.0200 +0.0232 +0.0099 -0.0167 +0.0173 -0.0081 +0.0366 -0.0130 +0.0615 +0.0013 +0.0024 -0.0226 -0.0537 -0.0080 +0.0061 -0.0045 -0.0025 -0.0279 +0.0312 -0.0284 +0.0094 -0.0312 -0.0394 +0.0035 +0.0130 +0.0397 +0.0110 -0.0053 +0.0137 +0.0421,0,1
+0.0232 +0.0099 -0.0167 +0.0173 -0.0081 +0.0366 -0.0130 +0.0615 +0.0013 +0.0024 -0.0226 -0.0537 -0.0080 +0.0061 -0.0045 -0.0025 -0.0279 +0.0312 -0.0284 +0.0094 -0.0312 -0.0394 +0.0035 +0.0130 +0.0397 +0.0110 -0.0053 +0.0137 +0.0421 -0.0093,0,1
+0.0099 -0.0167 +0.0173 -0.0081 +0.0366 -0.0130 +0.0615 +0.0013 +0.0024 -0.0226 -0.0537 -0.0080 +0.0061 -0.0045 -0.0025 -0.0279 +0.0312 -0.0284 +0.0094 -0.0312 -0.0394 +0.0035 +0.0130 +0.0397 +0.0110 -0.0053 +0.0137 +0.0421 -0.0093 -0.0137,0,1
-0.0167 +0.0173 -0.0081 +0.0366 -0.0130 +0.0615 +0.0013 +0.0024 -0.0226 -0.0537 -0.0080 +0.0061 -0.0045 -0.0025 -0.0279 +0.0312 -0.0284 +0.0094 -0.0312 -0.0394 +0.0035 +0.0130 +0.0397 +0.0110 -0.0053 +0.0137 +0.0421 -0.0093 -0.0137 -0.0167,1,1
+0.0173 -0.0081 +0.0366 -0.0130 +0.0615 +0.0013 +0.0024 -0.0226 -0.0537 -0.0080 +0.0061 -0.0045 -0.0025 -0.0279 +0.0312 -0.0284 +0.0094 -0.0312 -0.0394 +0.0035 +0.0130 +0.0397 +0.0110 -0.0053 +0.0137 +0.0421 -0.0093 -0.0137 -0.0167 +0.0364,1,1
-0.0081 +0.0366 -0.0130 +0.0615 +0.0013 +0.0024 -0.0226 -0.0537 -0.0080 +0.0061 -0.0045 -0.0025 -0.0279 +0.0312 -0.0284 +0.0094 -0.0312 -0.0394 +0.0035 +0.0130 +0.0397 +0.0110 -0.0053 +0.0137 +0.0421 -0.0093 -0.0137 -0.0167 +0.0364 +0.0222,1,1
+0.0366 -0.0130 +0.0615 +0.0013 +0.0024 -0.0226 -0.0537 -0.0080 +0.0061 -0.0045 -0.0025 -0.0279 +0.0312 -0.0284 +0.0094 -0.0312 -0.0394 +0.0035 +0.0130 +0.0397 +0.0110 -0.0053 +0.0137 +0.0421 -0.0093 -0.0137 -0.0167 +0.0364 +0.0222 +0.0209,1,1
-0.0130 +0.0615 +0.0013 +0.0024 -0.0226 -0.0537 -0.0080 +0.0061 -0.0045 -0.0025 -0.0279 +0.0312 -0.0284 +0.0094 -0.0312 -0.0394 +0.0035 +0.0130 +0.0397 +0.0110 -0.0053 +0.0137 +0.0421 -0.0093 -0.0137 -0.0167 +0.0364 +0.0222 +0.0209 +0.0040,1,1
+0.0615 +0.0013 +0.0024 -0.0226 -0.0537 -0.0080 +0.0061 -0.0045 -0.0025 -0.0279 +0.0312 -0.0284 +0.0094 -0.0312 -0.0394 +0.0035 +0.0130 +0.0397 +0.0110 -0.0053 +0.0137 +0.0421 -0.0093 -0.0137 -0.0167 +0.0364 +0.0222 +0.0209 +0.0040 +0.0032,1,1
+0.0013 +0.0024 -0.0226 -0.0537 -0.0080 +0.0061 -0.0045 -0.0025 -0.0279 +0.0312 -0.0284 +0.0094 -0.0312 -0.0394 +0.0035 +0.0130 +0.0397 +0.0110 -0.0053 +0.0137 +0.0421 -0.0093 -0.0137 -0.0167 +0.0364 +0.0222 +0.0209 +0.0040 +0.0032 +0.0040,0,1
+0.0024 -0.0226 -0.0537 -0.0080 +0.0061 -0.0045 -0.0025 -0.0279 +0.0312 -0.0284 +0.0094 -0.0312 -0.0394 +0.0035 +0.0130 +0.0397 +0.0110 -0.0053 +0.0137 +0.0421 -0.0093 -0.0137 -0.0167 +0.0364 +0.0222 +0.0209 +0.0040 +0.0032 +0.0040 -0.0050,1,1
-0.0226 -0.0537 -0.0080 +0.0061 -0.0045 -0.0025 -0.0279 +0.0312 -0.0284 +0.0094 -0.0312 -0.0394 +0.0035 +0.0130 +0.0397 +0.0110 -0.0053 +0.0137 +0.0421 -0.0093 -0.0137 -0.0167 +0.0364 +0.0222 +0.0209 +0.0040 +0.0032 +0.0040 -0.0050 +0.0154,0,1
-0.0537 -0.0080 +0.0061 -0.0045 -0.0025 -0.0279 +0.0312 -0.0284 +0.0094 -0.0312 -0.0394 +0.0035 +0.0130 +0.0397 +0.0110 -0.0053 +0.0137 +0.0421 -0.0093 -0.0137 -0.0167 +0.0364 +0.0222 +0.0209 +0.0040 +0.0032 +0.0040 -0.0050 +0.0154 -0.0180,1,1
-0.0080 +0.0061 -0.0045 -0.0025 -0.0279 +0.0312 -0.0284 +0.0094 -0.0312 -0.0394 +0.0035 +0.0130 +0.0397 +0.0110 -0.0053 +0.0137 +0.0421 -0.0093 -0.0137 -0.0167 +0.0364 +0.0222 +0.0209 +0.0040 +0.0032 +0.0040 -0.0050 +0.0154 -0.0180 +0.0323,1,1
+0.0061 -0.0045 -0.0025 -0.0279 +0.0312 -0.0284 +0.0094 -0.0312 -0.0394 +0.0035 +0.0130 +0.0397 +0.0110 -0.0053 +0.0137 +0.0421 -0.0093 -0.0137 -0.0167 +0.0364 +0.0222 +0.0209 +0.0040 +0.0032 +0.0040 -0.0050 +0.0154 -0.0180 +0.0323 +0.0094,1,1
-0.0045 -0.0025 -0.0279 +0.0312 -0.0284 +0.0094 -0.0312 -0.0394 +0.0035 +0.0130 +0.0397 +0.0110 -0.0053 +0.0137 +0.0421 -0.0093 -0.0137 -0.0167 +0.0364 +0.0222 +0.0209 +0.0040 +0.0032 +0.0040 -0.0050 +0.0154 -0.0180 +0.0323 +0.0094 +0.0015,0,1
-0.0025 -0.0279 +0.0312 -0.0284 +0.0094 -0.0312 -0.0394 +0.0035 +0.0130 +0.0397 +0.0110 -0.0053 +0.0137 +0.0421 -0.0093 -0.0137 -0.0167 +0.0364 +0.0222 +0.0209 +0.0040 +0.0032 +0.0040 -0.0050 +0.0154 -0.0180 +0.0323 +0.0094 +0.0015 -0.0038,0,1
-0.0279 +0.0312 -0.0284 +0.0094 -0.0312 -0.0394 +0.0035 +0.0130 +0.0397 +0.0110 -0.0053 +0.0137 +0.0421 -0.0093 -0.0137 -0.0167 +0.0364 +0.0222 +0.0209 +0.0040 +0.0032 +0.0040 -0.0050 +0.0154 -0.0180 +0.0323 +0.0094 +0.0015 -0.0038 -0.0351,0,1
+0.0312 -0.0284 +0.0094 -0.0312 -0.0394 +0.0035 +0.0130 +0.0397 +0.0110 -0.0053 +0.0137 +0.0421 -0.0093 -0.0137 -0.0167 +0.0364 +0.0222 +0.0209 +0.0040 +0.0032 +0.0040 -0.0050 +0.0154 -0.0180 +0.0323 +0.0094 +0.0015 -0.0038 -0.0351 -0.0394,0,1
-0.0284 +0.0094 -0.0312 -0.0394 +0.0035 +0.0130 +0.0397 +0.0110 -0.0053 +0.0137 +0.0421 -0.0093 -0.0137 -0.0167 +0.0364 +0.0222 +0.0209 +0.0040 +0.0032 +0.0040 -0.0050 +0.0154 -0.0180 +0.0323 +0.0094 +0.0015 -0.0038 -0.0351 -0.0394 -0.0034,1,1
+0.0094 -0.0312 -0.0394 +0.0035 +0.0130 +0.0397 +0.0110 -0.0053 +0.0137 +0.0421 -0.0093 -0.0137 -0.0167 +0.0364 +0.0222 +0.0209 +0.0040 +0.0032 +0.0040 -0.0050 +0.0154 -0.0180 +0.0323 +0.0094 +0.0015 -0.0038 -0.0351 -0.0394 -0.0034 +0.0021,1,1
-0.0312 -0.0394 +0.0035 +0.0130 +0.0397 +0.0110 -0.0053 +0.0137 +0.0421 -0.0093 -0.0137 -0.0167 +0.0364 +0.0222 +0.0209 +0.0040 +0.0032 +0.0040 -0.0050 +0.0154 -0.0180 +0.0323 +0.0094 +0.0015 -0.0038 -0.0351 -0.0394 -0.0034 +0.0021 +0.0215,1,1
-0.0394 +0.0035 +0.0130 +0.0397 +0.0110 -0.0053 +0.0137 +0.0421 -0.0093 -0.0137 -0.0167 +0.0364 +0.0222 +0.0209 +0.0040 +0.0032 +0.0040 -0.0050 +0.0154 -0.0180 +0.0323 +0.0094 +0.0015 -0.0038 -0.0351 -0.0394 -0.0034 +0.0021 +0.0215 +0.0004,1,1
+0.0035 +0.0130 +0.0397 +0.0110 -0.0053 +0.0137 +0.0421 -0.0093 -0.0137 -0.0167 +0.0364 +0.0222 +0.0209 +0.0040 +0.0032 +0.0040 -0.0050 +0.0154 -0.0180 +0.0323 +0.0094 +0.0015 -0.0038 -0.0351 -0.0394 -0.0034 +0.0021 +0.0215 +0.0004 +0.0117,0,1
+0.0130 +0.0397 +0.0110 -0.0053 +0.0137 +0.0421 -0.0093 -0.0137 -0.0167 +0.0364 +0.0222 +0.0209 +0.0040 +0.0032 +0.0040 -0.0050 +0.0154 -0.0180 +0.0323 +0.0094 +0.0015 -0.0038 -0.0351 -0.0394 -0.0034 +0.0021 +0.0215 +0.0004 +0.0117 -0.0093,0,1
+0.0397 +0.0110 -0.0053 +0.0137 +0.0421 -0.0093 -0.0137 -0.0167 +0.0364 +0.0222 +0.0209 +0.0040 +0.0032 +0.0040 -0.0050 +0.0154 -0.0180 +0.0323 +0.0094 +0.0015 -0.0038 -0.0351 -0.0394 -0.0034 +0.0021 +0.0215 +0.0004 +0.0117 -0.0093 -0.0017,0,1
+0.0110 -0.0053 +0.0137 +0.0421 -0.0093 -0.0137 -0.0167 +0.0364 +0.0222 +0.0209 +0.0040 +0.0032 +0.0040 -0.0050 +0.0154 -0.0180 +0.0323 +0.0094 +0.0015 -0.0038 -0.0351 -0.0394 -0.0034 +0.0021 +0.0215 +0.0004 +0.0117 -0.0093 -0.0017 -0.0249,0,1
-0.0053 +0.0137 +0.0421 -0.0093 -0.0137 -0.0167 +0.0364 +0.0222 +0.0209 +0.0040 +0.0032 +0.0040 -0.0050 +0.0154 -0.0180 +0.0323 +0.0094 +0.0015 -0.0038 -0.0351 -0.0394 -0.0034 +0.0021 +0.0215 +0.0004 +0.0117 -0.0093 -0.0017 -0.0249 -0.0051,1,1
+0.0137 +0.0421 -0.0093 -0.0137 -0.0167 +0.0364 +0.0222 +0.0209 +0.0040 +0.0032 +0.0040 -0.0050 +0.0154 -0.0180 +0.0323 +0.0094 +0.0015 -0.0038 -0.0351 -0.0394 -0.0034 +0.0021 +0.0215 +0.0004 +0.0117 -0.0093 -0.0017 -0.0249 -0.0051 +0.0360,1,1
+0.0421 -0.0093 -0.0137 -0.0167 +0.0364 +0.0222 +0.0209 +0.0040 +0.0032 +0.0040 -0.0050 +0.0154 -0.0180 +0.0323 +0.0094 +0.0015 -0.0038 -0.0351 -0.0394 -0.0034 +0.0021 +0.0215 +0.0004 +0.0117 -0.0093 -0.0017 -0.0249 -0.0051 +0.0360 +0.0120,0,1
-0.0093 -0.0137 -0.0167 +0.0364 +0.0222 +0.0209 +0.0040 +0.0032 +0.0040 -0.0050 +0.0154 -0.0180 +0.0323 +0.0094 +0.0015 -0.0038 -0.0351 -0.0394 -0.0034 +0.0021 +0.0215 +0.0004 +0.0117 -0.0093 -0.0017 -0.0249 -0.0051 +0.0360 +0.0120 -0.0054,1,1
-0.0137 -0.0167 +0.0364 +0.0222 +0.0209 +0.0040 +0.0032 +0.0040 -0.0050 +0.0154 -0.0180 +0.0323 +0.0094 +0.0015 -0.0038 -0.0351 -0.0394 -0.0034 +0.0021 +0.0215 +0.0004 +0.0117 -0.0093 -0.0017 -0.0249 -0.0051 +0.0360 +0.0120 -0.0054 +0.0508,1,1
-0.0167 +0.0364 +0.0222 +0.0209 +0.0040 +0.0032 +0.0040 -0.0050 +0.0154 -0.0180 +0.0323 +0.0094 +0.0015 -0.0038 -0.0351 -0.0394 -0.0034 +0.0021 +0.0215 +0.0004 +0.0117 -0.0093 -0.0017 -0.0249 -0.0051 +0.0360 +0.0120 -0.0054 +0.0508 +0.0151,1,1
+0.0364 +0.0222 +0.0209 +0.0040 +0.0032 +0.0040 -0.0050 +0.0154 -0.0180 +0.0323 +0.0094 +0.0015 -0.0038 -0.0351 -0.0394 -0.0034 +0.0021 +0.0215 +0.0004 +0.0117 -0.0093 -0.0017 -0.0249 -0.0051 +0.0360 +0.0120 -0.0054 +0.0508 +0.0151 +0.0085,0,1
+0.0222 +0.0209 +0.0040 +0.0032 +0.0040 -0.0050 +0.0154 -0.0180 +0.0323 +0.0094 +0.0015 -0.0038 -0.0351 -0.0394 -0.0034 +0.0021 +0.0215 +0.0004 +0.0117 -0.0093 -0.0017 -0.0249 -0.0051 +0.0360 +0.0120 -0.0054 +0.0508 +0.0151 +0.0085 -0.0031,1,1
+0.0209 +0.0040 +0.0032 +0.0040 -0.0050 +0.0154 -0.0180 +0.0323 +0.0094 +0.0015 -0.0038 -0.0351 -0.0394 -0.0034 +0.0021 +0.0215 +0.0004 +0.0117 -0.0093 -0.0017 -0.0249 -0.0051 +0.0360 +0.0120 -0.0054 +0.0508 +0.0151 +0.0085 -0.0031 +0.0151,0,1
+0.0040 +0.0032 +0.0040 -0.0050 +0.0154 -0.0180 +0.0323 +0.0094 +0.0015 -0.0038 -0.0351 -0.0394 -0.0034 +0.0021 +0.0215 +0.0004 +0.0117 -0.0093 -0.0017 -0.0249 -0.0051 +0.0360 +0.0120 -0.0054 +0.0508 +0.0151 +0.0085 -0.0031 +0.0151 -0.0008,1,1
+0.0032 +0.0040 -0.0050 +0.0154 -0.0180 +0.0323 +0.0094 +0.0015 -0.0038 -0.0351 -0.0394 -0.0034 +0.0021 +0.0215 +0.0004 +0.0117 -0.0093 -0.0017 -0.0249 -0.0051 +0.0360 +0.0120 -0.0054 +0.0508 +0.0151 +0.0085 -0.0031 +0.0151 -0.0008 +0.0093,0,1
+0.0040 -0.0050 +0.0154 -0.0180 +0.0323 +0.0094 +0.0015 -0.0038 -0.0351 -0.0394 -0.0034 +0.0021 +0.0215 +0.0004 +0.0117 -0.0093 -0.0017 -0.0249 -0.0051 +0.0360 +0.0120 -0.0054 +0.0508 +0.0151 +0.0085 -0.0031 +0.0151 -0.0008 +0.0093 -0.0237,0,1
-0.0050 +0.0154 -0.0180 +0.0323 +0.0094 +0.0015 -0.0038 -0.0351 -0.0394 -0.0034 +0.0021 +0.0215 +0.0004 +0.0117 -0.0093 -0.0017 -0.0249 -0.0051 +0.0360 +0.0120 -0.0054 +0.0508 +0.0151 +0.0085 -0.0031 +0.0151 -0.0008 +0.0093 -0.0237 -0.0001,0,1
+0.0154 -0.0180 +0.0323 +0.0094 +0.0015 -0.0038 -0.0351 -0.0394 -0.0034 +0.0021 +0.0215 +0.0004 +0.0117 -0.0093 -0.0017 -0.0249 -0.0051 +0.0360 +0.0120 -0.0054 +0.0508 +0.0151 +0.0085 -0.0031 +0.0151 -0.0008 +0.0093 -0.0237 -0.0001 -0.0138,1,1
-0.0180 +0.0323 +0.0094 +0.0015 -0.0038 -0.0351 -0.0394 -0.0034 +0.0021 +0.0215 +0.0004 +0.0117 -0.0093 -0.0017 -0.0249 -0.0051 +0.0360 +0.0120 -0.0054 +0.0508 +0.0151 +0.0085 -0.0031 +0.0151 -0.0008 +0.0093 -0.0237 -0.0001 -0.0138 +0.0260,0,1
+0.0323 +0.0094 +0.0015 -0.0038 -0.0351 -0.0394 -0.0034 +0.0021 +0.0215 +0.0004 +0.0117 -0.0093 -0.0017 -0.0249 -0.0051 +0.0360 +0.0120 -0.0054 +0.0508 +0.0151 +0.0085 -0.0031 +0.0151 -0.0008 +0.0093 -0.0237 -0.0001 -0.0138 +0.0260 -0.0223,1,1
+0.0094 +0.0015 -0.0038 -0.0351 -0.0394 -0.0034 +0.0021 +0.0215 +0.0004 +0.0117 -0.0093 -0.0017 -0.0249 -0.0051 +0.0360 +0.0120 -0.0054 +0.0508 +0.0151 +0.0085 -0.0031 +0.0151 -0.0008 +0.0093 -0.0237 -0.0001 -0.0138 +0.0260 -0.0223 +0.0056,1,1
+0.0015 -0.0038 -0.0351 -0.0394 -0.0034 +0.0021 +0.0215 +0.0004 +0.0117 -0.0093 -0.0017 -0.0249 -0.0051 +0.0360 +0.0120 -0.0054 +0.0508 +0.0151 +0.0085 -0.0031 +0.0151 -0.0008 +0.0093 -0.0237 -0.0001 -0.0138 +0.0260 -0.0223 +0.0056 +0.0136,1,1
-0.0038 -0.0351 -0.0394 -0.0034 +0.0021 +0.0215 +0.0004 +0.0117 -0.0093 -0.0017 -0.0249 -0.0051 +0.0360 +0.0120 -0.0054 +0.0508 +0.0151 +0.0085 -0.0031 +0.0151 -0.0008 +0.0093 -0.0237 -0.0001 -0.0138 +0.0260 -0.0223 +0.0056 +0.0136 +0.0291,1,1
-0.0351 -0.0394 -0.0034 +0.0021 +0.0215 +0.0004 +0.0117 -0.0093 -0.0017 -0.0249 -0.0051 +0.0360 +0.0120 -0.0054 +0.0508 +0.0151 +0.0085 -0.0031 +0.0151 -0.0008 +0.0093 -0.0237 -0.0001 -0.0138 +0.0260 -0.0223 +0.0056 +0.0136 +0.0291 +0.0402,0,1
-0.0394 -0.0034 +0.0021 +0.0215 +0.0004 +0.0117 -0.0093 -0.0017 -0.0249 -0.0051 +0.0360 +0.0120 -0.0054 +0.0508 +0.0151 +0.0085 -0.0031 +0.0151 -0.0008 +0.0093 -0.0237 -0.0001 -0.0138 +0.0260 -0.0223 +0.0056 +0.0136 +0.0291 +0.0402 -0.0052,0,1
-0.0034 +0.0021 +0.0215 +0.0004 +0.0117 -0.0093 -0.0017 -0.0249 -0.0051 +0.0360 +0.0120 -0.0054 +0.0508 +0.0151 +0.0085 -0.0031 +0.0151 -0.0008 +0.0093 -0.0237 -0.0001 -0.0138 +0.0260 -0.0223 +0.0056 +0.0136 +0.0291 +0.0402 -0.0052 -0.0294,0,1
+0.0021 +0.0215 +0.0004 +0.0117 -0.0093 -0.0017 -0.0249 -0.0051 +0.0360 +0.0120 -0.0054 +0.0508 +0.0151 +0.0085 -0.0031 +0.0151 -0.0008 +0.0093 -0.0237 -0.0001 -0.0138 +0.0260 -0.0223 +0.0056 +0.0136 +0.0291 +0.0402 -0.0052 -0.0294 -0.0104,0,1
+0.0215 +0.0004 +0.0117 -0.0093 -0.0017 -0.0249 -0.0051 +0.0360 +0.0120 -0.0054 +0.0508 +0.0151 +0.0085 -0.0031 +0.0151 -0.0008 +0.0093 -0.0237 -0.0001 -0.0138 +0.0260 -0.0223 +0.0056 +0.0136 +0.0291 +0.0402 -0.0052 -0.0294 -0.0104 -0.0028,0,1
+0.0004 +0.0117 -0.0093 -0.0017 -0.0249 -0.0051 +0.0360 +0.0120 -0.0054 +0.0508 +0.0151 +0.0085 -0.0031 +0.0151 -0.0008 +0.0093 -0.0237 -0.0001 -0.0138 +0.0260 -0.0223 +0.0056 +0.0136 +0.0291 +0.0402 -0.0052 -0.0294 -0.0104 -0.0028 -0.0079,0,1
+0.0117 -0.0093 -0.0017 -0.0249 -0.0051 +0.0360 +0.0120 -0.0054 +0.0508 +0.0151 +0.0085 -0.0031 +0.0151 -0.0008 +0.0093 -0.0237 -0.0001 -0.0138 +0.0260 -0.0223 +0.0056 +0.0136 +0.0291 +0.0402 -0.0052 -0.0294 -0.0104 -0.0028 -0.0079 -0.0135,1,1
-0.0093 -0.0017 -0.0249 -0.0051 +0.0360 +0.0120 -0.0054 +0.0508 +0.0151 +0.0085 -0.0031 +0.0151 -0.0008 +0.0093 -0.0237 -0.0001 -0.0138 +0.0260 -0.0223 +0.0056 +0.0136 +0.0291 +0.0402 -0.0052 -0.0294 -0.0104 -0.0028 -0.0079 -0.0135 +0.0228,1,1
-0.0017 -0.0249 -0.0051 +0.0360 +0.0120 -0.0054 +0.0508 +0.0151 +0.0085 -0.0031 +0.0151 -0.0008 +0.0093 -0.0237 -0.0001 -0.0138 +0.0260 -0.0223 +0.0056 +0.0136 +0.0291 +0.0402 -0.0052 -0.0294 -0.0104 -0.0028 -0.0079 -0.0135 +0.0228 +0.0905,1,1
-0.0249 -0.0051 +0.0360 +0.0120 -0.0054 +0.0508 +0.0151 +0.0085 -0.0031 +0.0151 -0.0008 +0.0093 -0.0237 -0.0001 -0.0138 +0.0260 -0.0223 +0.0056 +0.0136 +0.0291 +0.0402 -0.0052 -0.0294 -0.0104 -0.0028 -0.0079 -0.0135 +0.0228 +0.0905 +0.0035,1,1
-0.0051 +0.0360 +0.0120 -0.0054 +0.0508 +0.0151 +0.0085 -0.0031 +0.0151 -0.0008 +0.0093 -0.0237 -0.0001 -0.0138 +0.0260 -0.0223 +0.0056 +0.0136 +0.0291 +0.0402 -0.0052 -0.0294 -0.0104 -0.0028 -0.0079 -0.0135 +0.0228 +0.0905 +0.0035 +0.0084,1,1
+0.0360 +0.0120 -0.0054 +0.0508 +0.0151 +0.0085 -0.0031 +0.0151 -0.0008 +0.0093 -0.0237 -0.0001 -0.0138 +0.0260 -0.0223 +0.0056 +0.0136 +0.0291 +0.0402 -0.0052 -0.0294 -0.0104 -0.0028 -0.0079 -0.0135 +0.0228 +0.0905 +0.0035 +0.0084 +0.0030,1,1
+0.0120 -0.0054 +0.0508 +0.0151 +0.0085 -0.0031 +0.0151 -0.0008 +0.0093 -0.0237 -0.0001 -0.0138 +0.0260 -0.0223 +0.0056 +0.0136 +0.0291 +0.0402 -0.0052 -0.0294 -0.0104 -0.0028 -0.0079 -0.0135 +0.0228 +0.0905 +0.0035 +0.0084 +0.0030 +0.0481,1,1
-0.0054 +0.0508 +0.0151 +0.0085 -0.0031 +0.0151 -0.0008 +0.0093 -0.0237 -0.0001 -0.0138 +0.0260 -0.0223 +0.0056 +0.0136 +0.0291 +0.0402 -0.0052 -0.0294 -0.0104 -0.0028 -0.0079 -0.0135 +0.0228 +0.0905 +0.0035 +0.0084 +0.0030 +0.0481 +0.1022,0,1
+0.0508 +0.0151 +0.0085 -0.0031 +0.0151 -0.0008 +0.0093 -0.0237 -0.0001 -0.0138 +0.0260 -0.0223 +0.0056 +0.0136 +0.0291 +0.0402 -0.0052 -0.0294 -0.0104 -0.0028 -0.0079 -0.0135 +0.0228 +0.0905 +0.0035 +0.0084 +0.0030 +0.0481 +0.1022 -0.0084,1,1
+0.0151 +0.0085 -0.0031 +0.0151 -0.0008 +0.0093 -0.0237 -0.0001 -0.0138 +0.0260 -0.0223 +0.0056 +0.0136 +0.0291 +0.0402 -0.0052 -0.0294 -0.0104 -0.0028 -0.0079 -0.0135 +0.0228 +0.0905 +0.0035 +0.0084 +0.0030 +0.0481 +0.1022 -0.0084 +0.0299,0,1
+0.0085 -0.0031 +0.0151 -0.0008 +0.0093 -0.0237 -0.0001 -0.0138 +0.0260 -0.0223 +0.0056 +0.0136 +0.0291 +0.0402 -0.0052 -0.0294 -0.0104 -0.0028 -0.0079 -0.0135 +0.0228 +0.0905 +0.0035 +0.0084 +0.0030 +0.0481 +0.1022 -0.0084 +0.0299 -0.0368,1,1
-0.0031 +0.0151 -0.0008 +0.0093 -0.0237 -0.0001 -0.0138 +0.0260 -0.0223 +0.0056 +0.0136 +0.0291 +0.0402 -0.0052 -0.0294 -0.0104 -0.0028 -0.0079 -0.0135 +0.0228 +0.0905 +0.0035 +0.0084 +0.0030 +0.0481 +0.1022 -0.0084 +0.0299 -0.0368 +0.0437,0,1
+0.0151 -0.0008 +0.0093 -0.0237 -0.0001 -0.0138 +0.0260 -0.0223 +0.0056 +0.0136 +0.0291 +0.0402 -0.0052 -0.0294 -0.0104 -0.0028 -0.0079 -0.0135 +0.0228 +0.0905 +0.0035 +0.0084 +0.0030 +0.0481 +0.1022 -0.0084 +0.0299 -0.0368 +0.0437 -0.0056,0,1
-0.0008 +0.0093 -0.0237 -0.0001 -0.0138 +0.0260 -0.0223 +0.0056 +0.0136 +0.0291 +0.0402 -0.0052 -0.0294 -0.0104 -0.0028 -0.0079 -0.0135 +0.0228 +0.0905 +0.0035 +0.0084 +0.0030 +0.0481 +0.1022 -0.0084 +0.0299 -0.0368 +0.0437 -0.0056 -0.0079,1,1
+0.0093 -0.0237 -0.0001 -0.0138 +0.0260 -0.0223 +0.0056 +0.0136 +0.0291 +0.0402 -0.0052 -0.0294 -0.0104 -0.0028 -0.0079 -0.0135 +0.0228 +0.0905 +0.0035 +0.0084 +0.0030 +0.0481 +0.1022 -0.0084 +0.0299 -0.0368 +0.0437 -0.0056 -0.0079 +0.0078,1,1
-0.0237 -0.0001 -0.0138 +0.0260 -0.0223 +0.0056 +0.0136 +0.0291 +0.0402 -0.0052 -0.0294 -0.0104 -0.0028 -0.0079 -0.0135 +0.0228 +0.0905 +0.0035 +0.0084 +0.0030 +0.0481 +0.1022 -0.0084 +0.0299 -0.0368 +0.0437 -0.0056 -0.0079 +0.0078 +0.0199,1,1
-0.0001 -0.0138 +0.0260 -0.0223 +0.0056 +0.0136 +0.0291 +0.0402 -0.0052 -0.0294 -0.0104 -0.0028 -0.0079 -0.0135 +0.0228 +0.0905 +0.0035 +0.0084 +0.0030 +0.0481 +0.1022 -0.0084 +0.0299 -0.0368 +0.0437 -0.0056 -0.0079 +0.0078 +0.0199 +0.0216,1,1
-0.0138 +0.0260 -0.0223 +0.0056 +0.0136 +0.0291 +0.0402 -0.0052 -0.0294 -0.0104 -0.0028 -0.0079 -0.0135 +0.0228 +0.0905 +0.0035 +0.0084 +0.0030 +0.0481 +0.1022 -0.0084 +0.0299 -0.0368 +0.0437 -0.0056 -0.0079 +0.0078 +0.0199 +0.0216 +0.0442,1,1
+0.0260 -0.0223 +0.0056 +0.0136 +0.0291 +0.0402 -0.0052 -0.0294 -0.0104 -0.0028 -0.0079 -0.0135 +0.0228 +0.0905 +0.0035 +0.0084 +0.0030 +0.0481 +0.1022 -0.0084 +0.0299 -0.0368 +0.0437 -0.0056 -0.0079 +0.0078 +0.0199 +0.0216 +0.0442 +0.0050,0,1
-0.0223 +0.0056 +0.0136 +0.0291 +0.0402 -0.0052 -0.0294 -0.0104 -0.0028 -0.0079 -0.0135 +0.0228 +0.0905 +0.0035 +0.0084 +0.0030 +0.0481 +0.1022 -0.0084 +0.0299 -0.0368 +0.0437 -0.0056 -0.0079 +0.0078 +0.0199 +0.0216 +0.0442 +0.0050 -0.0123,1,1
+0.0056 +0.0136 +0.0291 +0.0402 -0.0052 -0.0294 -0.0104 -0.0028 -0.0079 -0.0135 +0.0228 +0.0905 +0.0035 +0.0084 +0.0030 +0.0481 +0.1022 -0.0084 +0.0299 -0.0368 +0.0437 -0.0056 -0.0079 +0.0078 +0.0199 +0.0216 +0.0442 +0.0050 -0.0123 +0.0024,0,1
+0.0136 +0.0291 +0.0402 -0.0052 -0.0294 -0.0104 -0.0028 -0.0079 -0.0135 +0.0228 +0.0905 +0.0035 +0.0084 +0.0030 +0.0481 +0.1022 -0.0084 +0.0299 -0.0368 +0.0437 -0.0056 -0.0079 +0.0078 +0.0199 +0.0216 +0.0442 +0.0050 -0.0123 +0.0024 -0.0501,0,1
+0.0291 +0.0402 -0.0052 -0.0294 -0.0104 -0.0028 -0.0079 -0.0135 +0.0228 +0.0905 +0.0035 +0.0084 +0.0030 +0.0481 +0.1022 -0.0084 +0.0299 -0.0368 +0.0437 -0.0056 -0.0079 +0.0078 +0.0199 +0.0216 +0.0442 +0.0050 -0.0123 +0.0024 -0.0501 -0.0120,1,1
+0.0402 -0.0052 -0.0294 -0.0104 -0.0028 -0.0079 -0.0135 +0.0228 +0.0905 +0.0035 +0.0084 +0.0030 +0.0481 +0.1022 -0.0084 +0.0299 -0.0368 +0.0437 -0.0056 -0.0079 +0.0078 +0.0199 +0.0216 +0.0442 +0.0050 -0.0123 +0.0024 -0.0501 -0.0120 +0.0432,0,1
-0.0052 -0.0294 -0.0104 -0.0028 -0.0079 -0.0135 +0.0228 +0.0905 +0.0035 +0.0084 +0.0030 +0.0481 +0.1022 -0.0084 +0.0299 -0.0368 +0.0437 -0.0056 -0.0079 +0.0078 +0.0199 +0.0216 +0.0442 +0.0050 -0.0123 +0.0024 -0.0501 -0.0120 +0.0432 -0.0032,1,1
-0.0294 -0.0104 -0.0028 -0.0079 -0.0135 +0.0228 +0.0905 +0.0035 +0.0084 +0.0030 +0.0481 +0.1022 -0.0084 +0.0299 -0.0368 +0.0437 -0.0056 -0.0079 +0.0078 +0.0199 +0.0216 +0.0442 +0.0050 -0.0123 +0.0024 -0.0501 -0.0120 +0.0432 -0.0032 +0.0189,0,1
-0.0104 -0.0028 -0.0079 -0.0135 +0.0228 +0.0905 +0.0035 +0.0084 +0.0030 +0.0481 +0.1022 -0.0084 +0.0299 -0.0368 +0.0437 -0.0056 -0.0079 +0.0078 +0.0199 +0.0216 +0.0442 +0.0050 -0.0123 +0.0024 -0.0501 -0.0120 +0.0432 -0.0032 +0.0189 -0.0104,1,1
-0.0028 -0.0079 -0.0135 +0.0228 +0.0905 +0.0035 +0.0084 +0.0030 +0.0481 +0.1022 -0.0084 +0.0299 -0.0368 +0.0437 -0.0056 -0.0079 +0.0078 +0.0199 +0.0216 +0.0442 +0.0050 -0.0123 +0.0024 -0.0501 -0.0120 +0.0432 -0.0032 +0.0189 -0.0104 +0.0086,0,1
-0.0079 -0.0135 +0.0228 +0.0905 +0.0035 +0.0084 +0.0030 +0.0481 +0.1022 -0.0084 +0.0299 -0.0368 +0.0437 -0.0056 -0.0079 +0.0078 +0.0199 +0.0216 +0.0442 +0.0050 -0.0123 +0.0024 -0.0501 -0.0120 +0.0432 -0.0032 +0.0189 -0.0104 +0.0086 -0.0145,1,1
-0.0135 +0.0228 +0.0905 +0.0035 +0.0084 +0.0030 +0.0481 +0.1022 -0.0084 +0.0299 -0.0368 +0.0437 -0.0056 -0.0079 +0.0078 +0.0199 +0.0216 +0.0442 +0.0050 -0.0123 +0.0024 -0.0501 -0.0120 +0.0432 -0.0032 +0.0189 -0.0104 +0.0086 -0.0145 +0.0014,1,1
+0.0228 +0.0905 +0.0035 +0.0084 +0.0030 +0.0481 +0.1022 -0.0084 +0.0299 -0.0368 +0.0437 -0.0056 -0.0079 +0.0078 +0.0199 +0.0216 +0.0442 +0.0050 -0.0123 +0.0024 -0.0501 -0.0120 +0.0432 -0.0032 +0.0189 -0.0104 +0.0086 -0.0145 +0.0014 +0.0288,0,1
+0.0905 +0.0035 +0.0084 +0.0030 +0.0481 +0.1022 -0.0084 +0.0299 -0.0368 +0.0437 -0.0056 -0.0079 +0.0078 +0.0199 +0.0216 +0.0442 +0.0050 -0.0123 +0.0024 -0.0501 -0.0120 +0.0432 -0.0032 +0.0189 -0.0104 +0.0086 -0.0145 +0.0014 +0.0288 -0.0220,1,1
+0.0035 +0.0084 +0.0030 +0.0481 +0.1022 -0.0084 +0.0299 -0.0368 +0.0437 -0.0056 -0.0079 +0.0078 +0.0199 +0.0216 +0.0442 +0.0050 -0.0123 +0.0024 -0.0501 -0.0120 +0.0432 -0.0032 +0.0189 -0.0104 +0.0086 -0.0145 +0.0014 +0.0288 -0.0220 +0.0344,1,1
+0.0084 +0.0030 +0.0481 +0.1022 -0.0084 +0.0299 -0.0368 +0.0437 -0.0056 -0.0079 +0.0078 +0.0199 +0.0216 +0.0442 +0.0050 -0.0123 +0.0024 -0.0501 -0.0120 +0.0432 -0.0032 +0.0189 -0.0104 +0.0086 -0.0145 +0.0014 +0.0288 -0.0220 +0.0344 +0.0000,1,1
+0.0030 +0.0481 +0.1022 -0.0084 +0.0299 -0.0368 +0.0437 -0.0056 -0.0079 +0.0078 +0.0199 +0.0216 +0.0442 +0.0050 -0.0123 +0.0024 -0.0501 -0.0120 +0.0432 -0.0032 +0.0189 -0.0104 +0.0086 -0.0145 +0.0014 +0.0288 -0.0220 +0.0344 +0.0000 +0.0131,0,1
+0.0481 +0.1022 -0.0084 +0.0299 -0.0368 +0.0437 -0.0056 -0.0079 +0.0078 +0.0199 +0.0216 +0.0442 +0.0050 -0.0123 +0.0024 -0.0501 -0.0120 +0.0432 -0.0032 +0.0189 -0.0104 +0.0086 -0.0145 +0.0014 +0.0288 -0.0220 +0.0344 +0.0000 +0.0131 -0.0376,0,1
+0.1022 -0.0084 +0.0299 -0.0368 +0.0437 -0.0056 -0.0079 +0.0078 +0.0199 +0.0216 +0.0442 +0.0050 -0.0123 +0.0024 -0.0501 -0.0120 +0.0432 -0.0032 +0.0189 -0.0104 +0.0086 -0.0145 +0.0014 +0.0288 -0.0220 +0.0344 +0.0000 +0.0131 -0.0376 -0.0078,1,1
-0.0084 +0.0299 -0.0368 +0.0437 -0.0056 -0.0079 +0.0078 +0.0199 +0.0216 +0.0442 +0.0050 -0.0123 +0.0024 -0.0501 -0.0120 +0.0432 -0.0032 +0.0189 -0.0104 +0.0086 -0.0145 +0.0014 +0.0288 -0.0220 +0.0344 +0.0000 +0.0131 -0.0376 -0.0078 +0.0465,0,1
+0.0299 -0.0368 +0.0437 -0.0056 -0.0079 +0.0078 +0.0199 +0.0216 +0.0442 +0.0050 -0.0123 +0.0024 -0.0501 -0.0120 +0.0432 -0.0032 +0.0189 -0.0104 +0.0086 -0.0145 +0.0014 +0.0288 -0.0220 +0.0344 +0.0000 +0.0131 -0.0376 -0.0078 +0.0465 -0.0112,1,1
-0.0368 +0.0437 -0.0056 -0.0079 +0.0078 +0.0199 +0.0216 +0.0442 +0.0050 -0.0123 +0.0024 -0.0501 -0.0120 +0.0432 -0.0032 +0.0189 -0.0104 +0.0086 -0.0145 +0.0014 +0.0288 -0.0220 +0.0344 +0.0000 +0.0131 -0.0376 -0.0078 +0.0465 -0.0112 +0.0142,0,1
+0.0437 -0.0056 -0.0079 +0.0078 +0.0199 +0.0216 +0.0442 +0.0050 -0.0123 +0.0024 -0.0501 -0.0120 +0.0432 -0.0032 +0.0189 -0.0104 +0.0086 -0.0145 +0.0014 +0.0288 -0.0220 +0.0344 +0.0000 +0.0131 -0.0376 -0.0078 +0.0465 -0.0112 +0.0142 -0.0009,1,1
-0.0056 -0.0079 +0.0078 +0.0199 +0.0216 +0.0442 +0.0050 -0.0123 +0.0024 -0.0501 -0.0120 +0.0432 -0.0032 +0.0189 -0.0104 +0.0086 -0.0145 +0.0014 +0.0288 -0.0220 +0.0344 +0.0000 +0.0131 -0.0376 -0.0078 +0.0465 -0.0112 +0.0142 -0.0009 +0.0289,1,1
-0.0079 +0.0078 +0.0199 +0.0216 +0.0442 +0.0050 -0.0123 +0.0024 -0.0501 -0.0120 +0.0432 -0.0032 +0.0189 -0.0104 +0.0086 -0.0145 +0.0014 +0.0288 -0.0220 +0.0344 +0.0000 +0.0131 -0.0376 -0.0078 +0.0465 -0.0112 +0.0142 -0.0009 +0.0289 +0.0166,1,1
+0.0078 +0.0199 +0.0216 +0.0442 +0.0050 -0.0123 +0.0024 -0.0501 -0.0120 +0.0432 -0.0032 +0.0189 -0.0104 +0.0086 -0.0145 +0.0014 +0.0288 -0.0220 +0.0344 +0.0000 +0.0131 -0.0376 -0.0078 +0.0465 -0.0112 +0.0142 -0.0009 +0.0289 +0.0166 +0.0010,0,1
+0.0199 +0.0216 +0.0442 +0.0050 -0.0123 +0.0024 -0.0501 -0.0120 +0.0432 -0.0032 +0.0189 -0.0104 +0.0086 -0.0145 +0.0014 +0.0288 -0.0220 +0.0344 +0.0000 +0.0131 -0.0376 -0.0078 +0.0465 -0.0112 +0.0142 -0.0009 +0.0289 +0.0166 +0.0010 -0.0575,0,1
+0.0216 +0.0442 +0.0050 -0.0123 +0.0024 -0.0501 -0.0120 +0.0432 -0.0032 +0.0189 -0.0104 +0.0086 -0.0145 +0.0014 +0.0288 -0.0220 +0.0344 +0.0000 +0.0131 -0.0376 -0.0078 +0.0465 -0.0112 +0.0142 -0.0009 +0.0289 +0.0166 +0.0010 -0.0575 -0.0255,1,1
+0.0442 +0.0050 -0.0123 +0.0024 -0.0501 -0.0120 +0.0432 -0.0032 +0.0189 -0.0104 +0.0086 -0.0145 +0.0014 +0.0288 -0.0220 +0.0344 +0.0000 +0.0131 -0.0376 -0.0078 +0.0465 -0.0112 +0.0142 -0.0009 +0.0289 +0.0166 +0.0010 -0.0575 -0.0255 +0.0027,0,1
+0.0050 -0.0123 +0.0024 -0.0501 -0.0120 +0.0432 -0.0032 +0.0189 -0.0104 +0.0086 -0.0145 +0.0014 +0.0288 -0.0220 +0.0344 +0.0000 +0.0131 -0.0376 -0.0078 +0.0465 -0.0112 +0.0142 -0.0009 +0.0289 +0.0166 +0.0010 -0.0575 -0.0255 +0.0027 -0.0054,0,1
-0.0123 +0.0024 -0.0501 -0.0120 +0.0432 -0.0032 +0.0189 -0.0104 +0.0086 -0.0145 +0.0014 +0.0288 -0.0220 +0.0344 +0.0000 +0.0131 -0.0376 -0.0078 +0.0465 -0.0112 +0.0142 -0.0009 +0.0289 +0.0166 +0.0010 -0.0575 -0.0255 +0.0027 -0.0054 -0.0218,0,1
+0.0024 -0.0501 -0.0120 +0.0432 -0.0032 +0.0189 -0.0104 +0.0086 -0.0145 +0.0014 +0.0288 -0.0220 +0.0344 +0.0000 +0.0131 -0.0376 -0.0078 +0.0465 -0.0112 +0.0142 -0.0009 +0.0289 +0.0166 +0.0010 -0.0575 -0.0255 +0.0027 -0.0054 -0.0218 -0.0044,1,1
-0.0501 -0.0120 +0.0432 -0.0032 +0.0189 -0.0104 +0.0086 -0.0145 +0.0014 +0.0288 -0.0220 +0.0344 +0.0000 +0.0131 -0.0376 -0.0078 +0.0465 -0.0112 +0.0142 -0.0009 +0.0289 +0.0166 +0.0010 -0.0575 -0.0255 +0.0027 -0.0054 -0.0218 -0.0044 +0.0421,1,1
-0.0120 +0.0432 -0.0032 +0.0189 -0.0104 +0.0086 -0.0145 +0.0014 +0.0288 -0.0220 +0.0344 +0.0000 +0.0131 -0.0376 -0.0078 +0.0465 -0.0112 +0.0142 -0.0009 +0.0289 +0.0166 +0.0010 -0.0575 -0.0255 +0.0027 -0.0054 -0.0218 -0.0044 +0.0421 +0.0063,0,1
+0.0432 -0.0032 +0.0189 -0.0104 +0.0086 -0.0145 +0.0014 +0.0288 -0.0220 +0.0344 +0.0000 +0.0131 -0.0376 -0.0078 +0.0465 -0.0112 +0.0142 -0.0009 +0.0289 +0.0166 +0.0010 -0.0575 -0.0255 +0.0027 -0.0054 -0.0218 -0.0044 +0.0421 +0.0063 -0.0353,0,1
-0.0032 +0.0189 -0.0104 +0.0086 -0.0145 +0.0014 +0.0288 -0.0220 +0.0344 +0.0000 +0.0131 -0.0376 -0.0078 +0.0465 -0.0112 +0.0142 -0.0009 +0.0289 +0.0166 +0.0010 -0.0575 -0.0255 +0.0027 -0.0054 -0.0218 -0.0044 +0.0421 +0.0063 -0.0353 -0.0170,1,1
+0.0189 -0.0104 +0.0086 -0.0145 +0.0014 +0.0288 -0.0220 +0.0344 +0.0000 +0.0131 -0.0376 -0.0078 +0.0465 -0.0112 +0.0142 -0.0009 +0.0289 +0.0166 +0.0010 -0.0575 -0.0255 +0.0027 -0.0054 -0.0218 -0.0044 +0.0421 +0.0063 -0.0353 -0.0170 +0.0106,0,1
-0.0104 +0.0086 -0.0145 +0.0014 +0.0288 -0.0220 +0.0344 +0.0000 +0.0131 -0.0376 -0.0078 +0.0465 -0.0112 +0.0142 -0.0009 +0.0289 +0.0166 +0.0010 -0.0575 -0.0255 +0.0027 -0.0054 -0.0218 -0.0044 +0.0421 +0.0063 -0.0353 -0.0170 +0.0106 -0.0172,0,1
+0.0086 -0.0145 +0.0014 +0.0288 -0.0220 +0.0344 +0.0000 +0.0131 -0.0376 -0.0078 +0.0465 -0.0112 +0.0142 -0.0009 +0.0289 +0.0166 +0.0010 -0.0575 -0.0255 +0.0027 -0.0054 -0.0218 -0.0044 +0.0421 +0.0063 -0.0353 -0.0170 +0.0106 -0.0172 -0.0095,1,1
-0.0145 +0.0014 +0.0288 -0.0220 +0.0344 +0.0000 +0.0131 -0.0376 -0.0078 +0.0465 -0.0112 +0.0142 -0.0009 +0.0289 +0.0166 +0.0010 -0.0575 -0.0255 +0.0027 -0.0054 -0.0218 -0.0044 +0.0421 +0.0063 -0.0353 -0.0170 +0.0106 -0.0172 -0.0095 +0.0085,1,1
+0.0014 +0.0288 -0.0220 +0.0344 +0.0000 +0.0131 -0.0376 -0.0078 +0.0465 -0.0112 +0.0142 -0.0009 +0.0289 +0.0166 +0.0010 -0.0575 -0.0255 +0.0027 -0.0054 -0.0218 -0.0044 +0.0421 +0.0063 -0.0353 -0.0170 +0.0106 -0.0172 -0.0095 +0.0085 +0.0106,1,1
+0.0288 -0.0220 +0.0344 +0.0000 +0.0131 -0.0376 -0.0078 +0.0465 -0.0112 +0.0142 -0.0009 +0.0289 +0.0166 +0.0010 -0.0575 -0.0255 +0.0027 -0.0054 -0.0218 -0.0044 +0.0421 +0.0063 -0.0353 -0.0170 +0.0106 -0.0172 -0.0095 +0.0085 +0.0106 +0.0261,1,1
-0.0220 +0.0344 +0.0000 +0.0131 -0.0376 -0.0078 +0.0465 -0.0112 +0.0142 -0.0009 +0.0289 +0.0166 +0.0010 -0.0575 -0.0255 +0.0027 -0.0054 -0.0218 -0.0044 +0.0421 +0.0063 -0.0353 -0.0170 +0.0106 -0.0172 -0.0095 +0.0085 +0.0106 +0.0261 +0.0126,1,1
+0.0344 +0.0000 +0.0131 -0.0376 -0.0078 +0.0465 -0.0112 +0.0142 -0.0009 +0.0289 +0.0166 +0.0010 -0.0575 -0.0255 +0.0027 -0.0054 -0.0218 -0.0044 +0.0421 +0.0063 -0.0353 -0.0170 +0.0106 -0.0172 -0.0095 +0.0085 +0.0106 +0.0261 +0.0126 +0.0013,1,1
+0.0000 +0.0131 -0.0376 -0.0078 +0.0465 -0.0112 +0.0142 -0.0009 +0.0289 +0.0166 +0.0010 -0.0575 -0.0255 +0.0027 -0.0054 -0.0218 -0.0044 +0.0421 +0.0063 -0.0353 -0.0170 +0.0106 -0.0172 -0.0095 +0.0085 +0.0106 +0.0261 +0.0126 +0.0013 +0.0008,1,1
+0.0131 -0.0376 -0.0078 +0.0465 -0.0112 +0.0142 -0.0009 +0.0289 +0.0166 +0.0010 -0.0575 -0.0255 +0.0027 -0.0054 -0.0218 -0.0044 +0.0421 +0.0063 -0.0353 -0.0170 +0.0106 -0.0172 -0.0095 +0.0085 +0.0106 +0.0261 +0.0126 +0.0013 +0.0008 +0.0383,0,1
-0.0376 -0.0078 +0.0465 -0.0112 +0.0142 -0.0009 +0.0289 +0.0166 +0.0010 -0.0575 -0.0255 +0.0027 -0.0054 -0.0218 -0.0044 +0.0421 +0.0063 -0.0353 -0.0170 +0.0106 -0.0172 -0.0095 +0.0085 +0.0106 +0.0261 +0.0126 +0.0013 +0.0008 +0.0383 -0.0505,0,1
-0.0078 +0.0465 -0.0112 +0.0142 -0.0009 +0.0289 +0.0166 +0.0010 -0.0575 -0.0255 +0.0027 -0.0054 -0.0218 -0.0044 +0.0421 +0.0063 -0.0353 -0.0170 +0.0106 -0.0172 -0.0095 +0.0085 +0.0106 +0.0261 +0.0126 +0.0013 +0.0008 +0.0383 -0.0505 -0.0194,0,1
+0.0465 -0.0112 +0.0142 -0.0009 +0.0289 +0.0166 +0.0010 -0.0575 -0.0255 +0.0027 -0.0054 -0.0218 -0.0044 +0.0421 +0.0063 -0.0353 -0.0170 +0.0106 -0.0172 -0.0095 +0.0085 +0.0106 +0.0261 +0.0126 +0.0013 +0.0008 +0.0383 -0.0505 -0.0194 -0.0269,1,1
-0.0112 +0.0142 -0.0009 +0.0289 +0.0166 +0.0010 -0.0575 -0.0255 +0.0027 -0.0054 -0.0218 -0.0044 +0.0421 +0.0063 -0.0353 -0.0170 +0.0106 -0.0172 -0.0095 +0.0085 +0.0106 +0.0261 +0.0126 +0.0013 +0.0008 +0.0383 -0.0505 -0.0194 -0.0269 +0.0240,0,1
+0.0142 -0.0009 +0.0289 +0.0166 +0.0010 -0.0575 -0.0255 +0.0027 -0.0054 -0.0218 -0.0044 +0.0421 +0.0063 -0.0353 -0.0170 +0.0106 -0.0172 -0.0095 +0.0085 +0.0106 +0.0261 +0.0126 +0.0013 +0.0008 +0.0383 -0.0505 -0.0194 -0.0269 +0.0240 -0.0014,0,1
-0.0009 +0.0289 +0.0166 +0.0010 -0.0575 -0.0255 +0.0027 -0.0054 -0.0218 -0.0044 +0.0421 +0.0063 -0.0353 -0.0170 +0.0106 -0.0172 -0.0095 +0.0085 +0.0106 +0.0261 +0.0126 +0.0013 +0.0008 +0.0383 -0.0505 -0.0194 -0.0269 +0.0240 -0.0014 -0.0008,1,1
+0.0289 +0.0166 +0.0010 -0.0575 -0.0255 +0.0027 -0.0054 -0.0218 -0.0044 +0.0421 +0.0063 -0.0353 -0.0170 +0.0106 -0.0172 -0.0095 +0.0085 +0.0106 +0.0261 +0.0126 +0.0013 +0.0008 +0.0383 -0.0505 -0.0194 -0.0269 +0.0240 -0.0014 -0.0008 +0.0003,1,1
+0.0166 +0.0010 -0.0575 -0.0255 +0.0027 -0.0054 -0.0218 -0.0044 +0.0421 +0.0063 -0.0353 -0.0170 +0.0106 -0.0172 -0.0095 +0.0085 +0.0106 +0.0261 +0.0126 +0.0013 +0.0008 +0.0383 -0.0505 -0.0194 -0.0269 +0.0240 -0.0014 -0.0008 +0.0003 +0.0213,1,1
+0.0010 -0.0575 -0.0255 +0.0027 -0.0054 -0.0218 -0.0044 +0.0421 +0.0063 -0.0353 -0.0170 +0.0106 -0.0172 -0.0095 +0.0085 +0.0106 +0.0261 +0.0126 +0.0013 +0.0008 +0.0383 -0.0505 -0.0194 -0.0269 +0.0240 -0.0014 -0.0008 +0.0003 +0.0213 +0.0411,0,1
-0.0575 -0.0255 +0.0027 -0.0054 -0.0218 -0.0044 +0.0421 +0.0063 -0.0353 -0.0170 +0.0106 -0.0172 -0.0095 +0.0085 +0.0106 +0.0261 +0.0126 +0.0013 +0.0008 +0.0383 -0.0505 -0.0194 -0.0269 +0.0240 -0.0014 -0.0008 +0.0003 +0.0213 +0.0411 -0.0074,1,1
-0.0255 +0.0027 -0.0054 -0.0218 -0.0044 +0.0421 +0.0063 -0.0353 -0.0170 +0.0106 -0.0172 -0.0095 +0.0085 +0.0106 +0.0261 +0.0126 +0.0013 +0.0008 +0.0383 -0.0505 -0.0194 -0.0269 +0.0240 -0.0014 -0.0008 +0.0003 +0.0213 +0.0411 -0.0074 +0.0472,0,1
+0.0027 -0.0054 -0.0218 -0.0044 +0.0421 +0.0063 -0.0353 -0.0170 +0.0106 -0.0172 -0.0095 +0.0085 +0.0106 +0.0261 +0.0126 +0.0013 +0.0008 +0.0383 -0.0505 -0.0194 -0.0269 +0.0240 -0.0014 -0.0008 +0.0003 +0.0213 +0.0411 -0.0074 +0.0472 -0.0005,0,1
-0.0054 -0.0218 -0.0044 +0.0421 +0.0063 -0.0353 -0.0170 +0.0106 -0.0172 -0.0095 +0.0085 +0.0106 +0.0261 +0.0126 +0.0013 +0.0008 +0.0383 -0.0505 -0.0194 -0.0269 +0.0240 -0.0014 -0.0008 +0.0003 +0.0213 +0.0411 -0.0074 +0.0472 -0.0005 -0.0318,1,1
-0.0218 -0.0044 +0.0421 +0.0063 -0.0353 -0.0170 +0.0106 -0.0172 -0.0095 +0.0085 +0.0106 +0.0261 +0.0126 +0.0013 +0.0008 +0.0383 -0.0505 -0.0194 -0.0269 +0.0240 -0.0014 -0.0008 +0.0003 +0.0213 +0.0411 -0.0074 +0.0472 -0.0005 -0.0318 +0.0092,1,1
-0.0044 +0.0421 +0.0063 -0.0353 -0.0170 +0.0106 -0.0172 -0.0095 +0.0085 +0.0106 +0.0261 +0.0126 +0.0013 +0.0008 +0.0383 -0.0505 -0.0194 -0.0269 +0.0240 -0.0014 -0.0008 +0.0003 +0.0213 +0.0411 -0.0074 +0.0472 -0.0005 -0.0318 +0.0092 +0.0405,0,1
+0.0421 +0.0063 -0.0353 -0.0170 +0.0106 -0.0172 -0.0095 +0.0085 +0.0106 +0.0261 +0.0126 +0.0013 +0.0008 +0.0383 -0.0505 -0.0194 -0.0269 +0.0240 -0.0014 -0.0008 +0.0003 +0.0213 +0.0411 -0.0074 +0.0472 -0.0005 -0.0318 +0.0092 +0.0405 -0.0235,1,1
+0.0063 -0.0353 -0.0170 +0.0106 -0.0172 -0.0095 +0.0085 +0.0106 +0.0261 +0.0126 +0.0013 +0.0008 +0.0383 -0.0505 -0.0194 -0.0269 +0.0240 -0.0014 -0.0008 +0.0003 +0.0213 +0.0411 -0.0074 +0.0472 -0.0005 -0.0318 +0.0092 +0.0405 -0.0235 +0.0030,1,1
-0.0353 -0.0170 +0.0106 -0.0172 -0.0095 +0.0085 +0.0106 +0.0261 +0.0126 +0.0013 +0.0008 +0.0383 -0.0505 -0.0194 -0.0269 +0.0240 -0.0014 -0.0008 +0.0003 +0.0213 +0.0411 -0.0074 +0.0472 -0.0005 -0.0318 +0.0092 +0.0405 -0.0235 +0.0030 +0.0083,0,1
-0.0170 +0.0106 -0.0172 -0.0095 +0.0085 +0.0106 +0.0261 +0.0126 +0.0013 +0.0008 +0.0383 -0.0505 -0.0194 -0.0269 +0.0240 -0.0014 -0.0008 +0.0003 +0.0213 +0.0411 -0.0074 +0.0472 -0.0005 -0.0318 +0.0092 +0.0405 -0.0235 +0.0030 +0.0083 -0.0010,0,1
+0.0106 -0.0172 -0.0095 +0.0085 +0.0106 +0.0261 +0.0126 +0.0013 +0.0008 +0.0383 -0.0505 -0.0194 -0.0269 +0.0240 -0.0014 -0.0008 +0.0003 +0.0213 +0.0411 -0.0074 +0.0472 -0.0005 -0.0318 +0.0092 +0.0405 -0.0235 +0.0030 +0.0083 -0.0010 -0.0194,0,1
-0.0172 -0.0095 +0.0085 +0.0106 +0.0261 +0.0126 +0.0013 +0.0008 +0.0383 -0.0505 -0.0194 -0.0269 +0.0240 -0.0014 -0.0008 +0.0003 +0.0213 +0.0411 -0.0074 +0.0472 -0.0005 -0.0318 +0.0092 +0.0405 -0.0235 +0.0030 +0.0083 -0.0010 -0.0194 -0.0058,0,1
-0.0095 +0.0085 +0.0106 +0.0261 +0.0126 +0.0013 +0.0008 +0.0383 -0.0505 -0.0194 -0.0269 +0.0240 -0.0014 -0.0008 +0.0003 +0.0213 +0.0411 -0.0074 +0.0472 -0.0005 -0.0318 +0.0092 +0.0405 -0.0235 +0.0030 +0.0083 -0.0010 -0.0194 -0.0058 -0.0074,1,1
+0.0085 +0.0106 +0.0261 +0.0126 +0.0013 +0.0008 +0.0383 -0.0505 -0.0194 -0.0269 +0.0240 -0.0014 -0.0008 +0.0003 +0.0213 +0.0411 -0.0074 +0.0472 -0.0005 -0.0318 +0.0092 +0.0405 -0.0235 +0.0030 +0.0083 -0.0010 -0.0194 -0.0058 -0.0074 +0.0234,1,1
+0.0106 +0.0261 +0.0126 +0.0013 +0.0008 +0.0383 -0.0505 -0.0194 -0.0269 +0.0240 -0.0014 -0.0008 +0.0003 +0.0213 +0.0411 -0.0074 +0.0472 -0.0005 -0.0318 +0.0092 +0.0405 -0.0235 +0.0030 +0.0083 -0.0010 -0.0194 -0.0058 -0.0074 +0.0234 +0.0100,0,1
+0.0261 +0.0126 +0.0013 +0.0008 +0.0383 -0.0505 -0.0194 -0.0269 +0.0240 -0.0014 -0.0008 +0.0003 +0.0213 +0.0411 -0.0074 +0.0472 -0.0005 -0.0318 +0.0092 +0.0405 -0.0235 +0.0030 +0.0083 -0.0010 -0.0194 -0.0058 -0.0074 +0.0234 +0.0100 -0.0222,0,1
+0.0126 +0.0013 +0.0008 +0.0383 -0.0505 -0.0194 -0.0269 +0.0240 -0.0014 -0.0008 +0.0003 +0.0213 +0.0411 -0.0074 +0.0472 -0.0005 -0.0318 +0.0092 +0.0405 -0.0235 +0.0030 +0.0083 -0.0010 -0.0194 -0.0058 -0.0074 +0.0234 +0.0100 -0.0222 -0.0171,0,1
+0.0013 +0.0008 +0.0383 -0.0505 -0.0194 -0.0269 +0.0240 -0.0014 -0.0008 +0.0003 +0.0213 +0.0411 -0.0074 +0.0472 -0.0005 -0.0318 +0.0092 +0.0405 -0.0235 +0.0030 +0.0083 -0.0010 -0.0194 -0.0058 -0.0074 +0.0234 +0.0100 -0.0222 -0.0171 -0.0295,1,1
+0.0008 +0.0383 -0.0505 -0.0194 -0.0269 +0.0240 -0.0014 -0.0008 +0.0003 +0.0213 +0.0411 -0.0074 +0.0472 -0.0005 -0.0318 +0.0092 +0.0405 -0.0235 +0.0030 +0.0083 -0.0010 -0.0194 -0.0058 -0.0074 +0.0234 +0.0100 -0.0222 -0.0171 -0.0295 +0.0380,0,1
+0.0383 -0.0505 -0.0194 -0.0269 +0.0240 -0.0014 -0.0008 +0.0003 +0.0213 +0.0411 -0.0074 +0.0472 -0.0005 -0.0318 +0.0092 +0.0405 -0.0235 +0.0030 +0.0083 -0.0010 -0.0194 -0.0058 -0.0074 +0.0234 +0.0100 -0.0222 -0.0171 -0.0295 +0.0380 -0.0348,0,1
-0.0505 -0.0194 -0.0269 +0.0240 -0.0014 -0.0008 +0.0003 +0.0213 +0.0411 -0.0074 +0.0472 -0.0005 -0.0318 +0.0092 +0.0405 -0.0235 +0.0030 +0.0083 -0.0010 -0.0194 -0.0058 -0.0074 +0.0234 +0.0100 -0.0222 -0.0171 -0.0295 +0.0380 -0.0348 -0.0128,0,1
-0.0194 -0.0269 +0.0240 -0.0014 -0.0008 +0.0003 +0.0213 +0.0411 -0.0074 +0.0472 -0.0005 -0.0318 +0.0092 +0.0405 -0.0235 +0.0030 +0.0083 -0.0010 -0.0194 -0.0058 -0.0074 +0.0234 +0.0100 -0.0222 -0.0171 -0.0295 +0.0380 -0.0348 -0.0128 -0.0002,0,1
-0.0269 +0.0240 -0.0014 -0.0008 +0.0003 +0.0213 +0.0411 -0.0074 +0.0472 -0.0005 -0.0318 +0.0092 +0.0405 -0.0235 +0.0030 +0.0083 -0.0010 -0.0194 -0.0058 -0.0074 +0.0234 +0.0100 -0.0222 -0.0171 -0.0295 +0.0380 -0.0348 -0.0128 -0.0002 -0.0007,0,1
+0.0240 -0.0014 -0.0008 +0.0003 +0.0213 +0.0411 -0.0074 +0.0472 -0.0005 -0.0318 +0.0092 +0.0405 -0.0235 +0.0030 +0.0083 -0.0010 -0.0194 -0.0058 -0.0074 +0.0234 +0.0100 -0.0222 -0.0171 -0.0295 +0.0380 -0.0348 -0.0128 -0.0002 -0.0007 -0.0005,1,1
-0.0014 -0.0008 +0.0003 +0.0213 +0.0411 -0.0074 +0.0472 -0.0005 -0.0318 +0.0092 +0.0405 -0.0235 +0.0030 +0.0083 -0.0010 -0.0194 -0.0058 -0.0074 +0.0234 +0.0100 -0.0222 -0.0171 -0.0295 +0.0380 -0.0348 -0.0128 -0.0002 -0.0007 -0.0005 +0.0002,1,1
-0.0008 +0.0003 +0.0213 +0.0411 -0.0074 +0.0472 -0.0005 -0.0318 +0.0092 +0.0405 -0.0235 +0.0030 +0.0083 -0.0010 -0.0194 -0.0058 -0.0074 +0.0234 +0.0100 -0.0222 -0.0171 -0.0295 +0.0380 -0.0348 -0.0128 -0.0002 -0.0007 -0.0005 +0.0002 +0.0097,0,1
+0.0003 +0.0213 +0.0411 -0.0074 +0.0472 -0.0005 -0.0318 +0.0092 +0.0405 -0.0235 +0.0030 +0.0083 -0.0010 -0.0194 -0.0058 -0.0074 +0.0234 +0.0100 -0.0222 -0.0171 -0.0295 +0.0380 -0.0348 -0.0128 -0.0002 -0.0007 -0.0005 +0.0002 +0.0097 -0.0173,1,1
+0.0213 +0.0411 -0.0074 +0.0472 -0.0005 -0.0318 +0.0092 +0.0405 -0.0235 +0.0030 +0.0083 -0.0010 -0.0194 -0.0058 -0.0074 +0.0234 +0.0100 -0.0222 -0.0171 -0.0295 +0.0380 -0.0348 -0.0128 -0.0002 -0.0007 -0.0005 +0.0002 +0.0097 -0.0173 +0.0223,0,1
+0.0411 -0.0074 +0.0472 -0.0005 -0.0318 +0.0092 +0.0405 -0.0235 +0.0030 +0.0083 -0.0010 -0.0194 -0.0058 -0.0074 +0.0234 +0.0100 -0.0222 -0.0171 -0.0295 +0.0380 -0.0348 -0.0128 -0.0002 -0.0007 -0.0005 +0.0002 +0.0097 -0.0173 +0.0223 -0.0129,1,1
-0.0074 +0.0472 -0.0005 -0.0318 +0.0092 +0.0405 -0.0235 +0.0030 +0.0083 -0.0010 -0.0194 -0.0058 -0.0074 +0.0234 +0.0100 -0.0222 -0.0171 -0.0295 +0.0380 -0.0348 -0.0128 -0.0002 -0.0007 -0.0005 +0.0002 +0.0097 -0.0173 +0.0223 -0.0129 +0.0092,1,1
+0.0472 -0.0005 -0.0318 +0.0092 +0.0405 -0.0235 +0.0030 +0.0083 -0.0010 -0.0194 -0.0058 -0.0074 +0.0234 +0.0100 -0.0222 -0.0171 -0.0295 +0.0380 -0.0348 -0.0128 -0.0002 -0.0007 -0.0005 +0.0002 +0.0097 -0.0173 +0.0223 -0.0129 +0.0092 +0.0007,0,1
-0.0005 -0.0318 +0.0092 +0.0405 -0.0235 +0.0030 +0.0083 -0.0010 -0.0194 -0.0058 -0.0074 +0.0234 +0.0100 -0.0222 -0.0171 -0.0295 +0.0380 -0.0348 -0.0128 -0.0002 -0.0007 -0.0005 +0.0002 +0.0097 -0.0173 +0.0223 -0.0129 +0.0092 +0.0007 -0.0144,0,1
-0.0318 +0.0092 +0.0405 -0.0235 +0.0030 +0.0083 -0.0010 -0.0194 -0.0058 -0.0074 +0.0234 +0.0100 -0.0222 -0.0171 -0.0295 +0.0380 -0.0348 -0.0128 -0.0002 -0.0007 -0.0005 +0.0002 +0.0097 -0.0173 +0.0223 -0.0129 +0.0092 +0.0007 -0.0144 -0.0042,0,1
+0.0092 +0.0405 -0.0235 +0.0030 +0.0083 -0.0010 -0.0194 -0.0058 -0.0074 +0.0234 +0.0100 -0.0222 -0.0171 -0.0295 +0.0380 -0.0348 -0.0128 -0.0002 -0.0007 -0.0005 +0.0002 +0.0097 -0.0173 +0.0223 -0.0129 +0.0092 +0.0007 -0.0144 -0.0042 -0.0024,1,1
+0.0405 -0.0235 +0.0030 +0.0083 -0.0010 -0.0194 -0.0058 -0.0074 +0.0234 +0.0100 -0.0222 -0.0171 -0.0295 +0.0380 -0.0348 -0.0128 -0.0002 -0.0007 -0.0005 +0.0002 +0.0097 -0.0173 +0.0223 -0.0129 +0.0092 +0.0007 -0.0144 -0.0042 -0.0024 +0.0115,1,1
-0.0235 +0.0030 +0.0083 -0.0010 -0.0194 -0.0058 -0.0074 +0.0234 +0.0100 -0.0222 -0.0171 -0.0295 +0.0380 -0.0348 -0.0128 -0.0002 -0.0007 -0.0005 +0.0002 +0.0097 -0.0173 +0.0223 -0.0129 +0.0092 +0.0007 -0.0144 -0.0042 -0.0024 +0.0115 +0.0176,0,1
+0.0030 +0.0083 -0.0010 -0.0194 -0.0058 -0.0074 +0.0234 +0.0100 -0.0222 -0.0171 -0.0295 +0.0380 -0.0348 -0.0128 -0.0002 -0.0007 -0.0005 +0.0002 +0.0097 -0.0173 +0.0223 -0.0129 +0.0092 +0.0007 -0.0144 -0.0042 -0.0024 +0.0115 +0.0176 -0.0225,1,1
+0.0083 -0.0010 -0.0194 -0.0058 -0.0074 +0.0234 +0.0100 -0.0222 -0.0171 -0.0295 +0.0380 -0.0348 -0.0128 -0.0002 -0.0007 -0.0005 +0.0002 +0.0097 -0.0173 +0.0223 -0.0129 +0.0092 +0.0007 -0.0144 -0.0042 -0.0024 +0.0115 +0.0176 -0.0225 +0.0047,0,1
-0.0010 -0.0194 -0.0058 -0.0074 +0.0234 +0.0100 -0.0222 -0.0171 -0.0295 +0.0380 -0.0348 -0.0128 -0.0002 -0.0007 -0.0005 +0.0002 +0.0097 -0.0173 +0.0223 -0.0129 +0.0092 +0.0007 -0.0144 -0.0042 -0.0024 +0.0115 +0.0176 -0.0225 +0.0047 -0.0031,0,1
-0.0194 -0.0058 -0.0074 +0.0234 +0.0100 -0.0222 -0.0171 -0.0295 +0.0380 -0.0348 -0.0128 -0.0002 -0.0007 -0.0005 +0.0002 +0.0097 -0.0173 +0.0223 -0.0129 +0.0092 +0.0007 -0.0144 -0.0042 -0.0024 +0.0115 +0.0176 -0.0225 +0.0047 -0.0031 -0.0504,0,1
-0.0058 -0.0074 +0.0234 +0.0100 -0.0222 -0.0171 -0.0295 +0.0380 -0.0348 -0.0128 -0.0002 -0.0007 -0.0005 +0.0002 +0.0097 -0.0173 +0.0223 -0.0129 +0.0092 +0.0007 -0.0144 -0.0042 -0.0024 +0.0115 +0.0176 -0.0225 +0.0047 -0.0031 -0.0504 -0.0293,0,1
-0.0074 +0.0234 +0.0100 -0.0222 -0.0171 -0.0295 +0.0380 -0.0348 -0.0128 -0.0002 -0.0007 -0.0005 +0.0002 +0.0097 -0.0173 +0.0223 -0.0129 +0.0092 +0.0007 -0.0144 -0.0042 -0.0024 +0.0115 +0.0176 -0.0225 +0.0047 -0.0031 -0.0504 -0.0293 -0.0495,1,1
+0.0234 +0.0100 -0.0222 -0.0171 -0.0295 +0.0380 -0.0348 -0.0128 -0.0002 -0.0007 -0.0005 +0.0002 +0.0097 -0.0173 +0.0223 -0.0129 +0.0092 +0.0007 -0.0144 -0.0042 -0.0024 +0.0115 +0.0176 -0.0225 +0.0047 -0.0031 -0.0504 -0.0293 -0.0495 +0.0042,0,1
+0.0100 -0.0222 -0.0171 -0.0295 +0.0380 -0.0348 -0.0128 -0.0002 -0.0007 -0.0005 +0.0002 +0.0097 -0.0173 +0.0223 -0.0129 +0.0092 +0.0007 -0.0144 -0.0042 -0.0024 +0.0115 +0.0176 -0.0225 +0.0047 -0.0031 -0.0504 -0.0293 -0.0495 +0.0042 -0.0039,1,1
-0.0222 -0.0171 -0.0295 +0.0380 -0.0348 -0.0128 -0.0002 -0.0007 -0.0005 +0.0002 +0.0097 -0.0173 +0.0223 -0.0129 +0.0092 +0.0007 -0.0144 -0.0042 -0.0024 +0.0115 +0.0176 -0.0225 +0.0047 -0.0031 -0.0504 -0.0293 -0.0495 +0.0042 -0.0039 +0.0197,1,1
-0.0171 -0.0295 +0.0380 -0.0348 -0.0128 -0.0002 -0.0007 -0.0005 +0.0002 +0.0097 -0.0173 +0.0223 -0.0129 +0.0092 +0.0007 -0.0144 -0.0042 -0.0024 +0.0115 +0.0176 -0.0225 +0.0047 -0.0031 -0.0504 -0.0293 -0.0495 +0.0042 -0.0039 +0.0197 +0.0955,0,1
-0.0295 +0.0380 -0.0348 -0.0128 -0.0002 -0.0007 -0.0005 +0.0002 +0.0097 -0.0173 +0.0223 -0.0129 +0.0092 +0.0007 -0.0144 -0.0042 -0.0024 +0.0115 +0.0176 -0.0225 +0.0047 -0.0031 -0.0504 -0.0293 -0.0495 +0.0042 -0.0039 +0.0197 +0.0955 -0.0868,1,1
+0.0380 -0.0348 -0.0128 -0.0002 -0.0007 -0.0005 +0.0002 +0.0097 -0.0173 +0.0223 -0.0129 +0.0092 +0.0007 -0.0144 -0.0042 -0.0024 +0.0115 +0.0176 -0.0225 +0.0047 -0.0031 -0.0504 -0.0293 -0.0495 +0.0042 -0.0039 +0.0197 +0.0955 -0.0868 +0.0134,1,1
-0.0348 -0.0128 -0.0002 -0.0007 -0.0005 +0.0002 +0.0097 -0.0173 +0.0223 -0.0129 +0.0092 +0.0007 -0.0144 -0.0042 -0.0024 +0.0115 +0.0176 -0.0225 +0.0047 -0.0031 -0.0504 -0.0293 -0.0495 +0.0042 -0.0039 +0.0197 +0.0955 -0.0868 +0.0134 +0.0390,0,1
-0.0128 -0.0002 -0.0007 -0.0005 +0.0002 +0.0097 -0.0173 +0.0223 -0.0129 +0.0092 +0.0007 -0.0144 -0.0042 -0.0024 +0.0115 +0.0176 -0.0225 +0.0047 -0.0031 -0.0504 -0.0293 -0.0495 +0.0042 -0.0039 +0.0197 +0.0955 -0.0868 +0.0134 +0.0390 -0.0073,0,1
-0.0002 -0.0007 -0.0005 +0.0002 +0.0097 -0.0173 +0.0223 -0.0129 +0.0092 +0.0007 -0.0144 -0.0042 -0.0024 +0.0115 +0.0176 -0.0225 +0.0047 -0.0031 -0.0504 -0.0293 -0.0495 +0.0042 -0.0039 +0.0197 +0.0955 -0.0868 +0.0134 +0.0390 -0.0073 -0.0358,0,1
-0.0007 -0.0005 +0.0002 +0.0097 -0.0173 +0.0223 -0.0129 +0.0092 +0.0007 -0.0144 -0.0042 -0.0024 +0.0115 +0.0176 -0.0225 +0.0047 -0.0031 -0.0504 -0.0293 -0.0495 +0.0042 -0.0039 +0.0197 +0.0955 -0.0868 +0.0134 +0.0390 -0.0073 -0.0358 -0.0068,0,1
-0.0005 +0.0002 +0.0097 -0.0173 +0.0223 -0.0129 +0.0092 +0.0007 -0.0144 -0.0042 -0.0024 +0.0115 +0.0176 -0.0225 +0.0047 -0.0031 -0.0504 -0.0293 -0.0495 +0.0042 -0.0039 +0.0197 +0.0955 -0.0868 +0.0134 +0.0390 -0.0073 -0.0358 -0.0068 -0.0645,0,1
+0.0002 +0.0097 -0.0173 +0.0223 -0.0129 +0.0092 +0.0007 -0.0144 -0.0042 -0.0024 +0.0115 +0.0176 -0.0225 +0.0047 -0.0031 -0.0504 -0.0293 -0.0495 +0.0042 -0.0039 +0.0197 +0.0955 -0.0868 +0.0134 +0.0390 -0.0073 -0.0358 -0.0068 -0.0645 -0.0257,1,1
+0.0097 -0.0173 +0.0223 -0.0129 +0.0092 +0.0007 -0.0144 -0.0042 -0.0024 +0.0115 +0.0176 -0.0225 +0.0047 -0.0031 -0.0504 -0.0293 -0.0495 +0.0042 -0.0039 +0.0197 +0.0955 -0.0868 +0.0134 +0.0390 -0.0073 -0.0358 -0.0068 -0.0645 -0.0257 +0.0551,1,1
-0.0173 +0.0223 -0.0129 +0.0092 +0.0007 -0.0144 -0.0042 -0.0024 +0.0115 +0.0176 -0.0225 +0.0047 -0.0031 -0.0504 -0.0293 -0.0495 +0.0042 -0.0039 +0.0197 +0.0955 -0.0868 +0.0134 +0.0390 -0.0073 -0.0358 -0.0068 -0.0645 -0.0257 +0.0551 +0.0104,0,1
+0.0223 -0.0129 +0.0092 +0.0007 -0.0144 -0.0042 -0.0024 +0.0115 +0.0176 -0.0225 +0.0047 -0.0031 -0.0504 -0.0293 -0.0495 +0.0042 -0.0039 +0.0197 +0.0955 -0.0868 +0.0134 +0.0390 -0.0073 -0.0358 -0.0068 -0.0645 -0.0257 +0.0551 +0.0104 -0.0317,1,1
-0.0129 +0.0092 +0.0007 -0.0144 -0.0042 -0.0024 +0.0115 +0.0176 -0.0225 +0.0047 -0.0031 -0.0504 -0.0293 -0.0495 +0.0042 -0.0039 +0.0197 +0.0955 -0.0868 +0.0134 +0.0390 -0.0073 -0.0358 -0.0068 -0.0645 -0.0257 +0.0551 +0.0104 -0.0317 +0.0358,1,1
+0.0092 +0.0007 -0.0144 -0.0042 -0.0024 +0.0115 +0.0176 -0.0225 +0.0047 -0.0031 -0.0504 -0.0293 -0.0495 +0.0042 -0.0039 +0.0197 +0.0955 -0.0868 +0.0134 +0.0390 -0.0073 -0.0358 -0.0068 -0.0645 -0.0257 +0.0551 +0.0104 -0.0317 +0.0358 +0.0045,0,1
+0.0007 -0.0144 -0.0042 -0.0024 +0.0115 +0.0176 -0.0225 +0.0047 -0.0031 -0.0504 -0.0293 -0.0495 +0.0042 -0.0039 +0.0197 +0.0955 -0.0868 +0.0134 +0.0390 -0.0073 -0.0358 -0.0068 -0.0645 -0.0257 +0.0551 +0.0104 -0.0317 +0.0358 +0.0045 -0.0209,1,1
-0.0144 -0.0042 -0.0024 +0.0115 +0.0176 -0.0225 +0.0047 -0.0031 -0.0504 -0.0293 -0.0495 +0.0042 -0.0039 +0.0197 +0.0955 -0.0868 +0.0134 +0.0390 -0.0073 -0.0358 -0.0068 -0.0645 -0.0257 +0.0551 +0.0104 -0.0317 +0.0358 +0.0045 -0.0209 +0.0181,0,1
-0.0042 -0.0024 +0.0115 +0.0176 -0.0225 +0.0047 -0.0031 -0.0504 -0.0293 -0.0495 +0.0042 -0.0039 +0.0197 +0.0955 -0.0868 +0.0134 +0.0390 -0.0073 -0.0358 -0.0068 -0.0645 -0.0257 +0.0551 +0.0104 -0.0317 +0.0358 +0.0045 -0.0209 +0.0181 -0.0161,1,1
-0.0024 +0.0115 +0.0176 -0.0225 +0.0047 -0.0031 -0.0504 -0.0293 -0.0495 +0.0042 -0.0039 +0.0197 +0.0955 -0.0868 +0.0134 +0.0390 -0.0073 -0.0358 -0.0068 -0.0645 -0.0257 +0.0551 +0.0104 -0.0317 +0.0358 +0.0045 -0.0209 +0.0181 -0.0161 +0.0500,0,1
+0.0115 +0.0176 -0.0225 +0.0047 -0.0031 -0.0504 -0.0293 -0.0495 +0.0042 -0.0039 +0.0197 +0.0955 -0.0868 +0.0134 +0.0390 -0.0073 -0.0358 -0.0068 -0.0645 -0.0257 +0.0551 +0.0104 -0.0317 +0.0358 +0.0045 -0.0209 +0.0181 -0.0161 +0.0500 -0.0309,0,1
+0.0176 -0.0225 +0.0047 -0.0031 -0.0504 -0.0293 -0.0495 +0.0042 -0.0039 +0.0197 +0.0955 -0.0868 +0.0134 +0.0390 -0.0073 -0.0358 -0.0068 -0.0645 -0.0257 +0.0551 +0.0104 -0.0317 +0.0358 +0.0045 -0.0209 +0.0181 -0.0161 +0.0500 -0.0309 -0.0015,0,1
-0.0225 +0.0047 -0.0031 -0.0504 -0.0293 -0.0495 +0.0042 -0.0039 +0.0197 +0.0955 -0.0868 +0.0134 +0.0390 -0.0073 -0.0358 -0.0068 -0.0645 -0.0257 +0.0551 +0.0104 -0.0317 +0.0358 +0.0045 -0.0209 +0.0181 -0.0161 +0.0500 -0.0309 -0.0015 -0.0025,1,1
+0.0047 -0.0031 -0.0504 -0.0293 -0.0495 +0.0042 -0.0039 +0.0197 +0.0955 -0.0868 +0.0134 +0.0390 -0.0073 -0.0358 -0.0068 -0.0645 -0.0257 +0.0551 +0.0104 -0.0317 +0.0358 +0.0045 -0.0209 +0.0181 -0.0161 +0.0500 -0.0309 -0.0015 -0.0025 +0.0265,1,1
-0.0031 -0.0504 -0.0293 -0.0495 +0.0042 -0.0039 +0.0197 +0.0955 -0.0868 +0.0134 +0.0390 -0.0073 -0.0358 -0.0068 -0.0645 -0.0257 +0.0551 +0.0104 -0.0317 +0.0358 +0.0045 -0.0209 +0.0181 -0.0161 +0.0500 -0.0309 -0.0015 -0.0025 +0.0265 +0.0168,0,1
-0.0504 -0.0293 -0.0495 +0.0042 -0.0039 +0.0197 +0.0955 -0.0868 +0.0134 +0.0390 -0.0073 -0.0358 -0.0068 -0.0645 -0.0257 +0.0551 +0.0104 -0.0317 +0.0358 +0.0045 -0.0209 +0.0181 -0.0161 +0.0500 -0.0309 -0.0015 -0.0025 +0.0265 +0.0168 -0.0003,0,1
-0.0293 -0.0495 +0.0042 -0.0039 +0.0197 +0.0955 -0.0868 +0.0134 +0.0390 -0.0073 -0.0358 -0.0068 -0.0645 -0.0257 +0.0551 +0.0104 -0.0317 +0.0358 +0.0045 -0.0209 +0.0181 -0.0161 +0.0500 -0.0309 -0.0015 -0.0025 +0.0265 +0.0168 -0.0003 -0.0065,1,1
-0.0495 +0.0042 -0.0039 +0.0197 +0.0955 -0.0868 +0.0134 +0.0390 -0.0073 -0.0358 -0.0068 -0.0645 -0.0257 +0.0551 +0.0104 -0.0317 +0.0358 +0.0045 -0.0209 +0.0181 -0.0161 +0.0500 -0.0309 -0.0015 -0.0025 +0.0265 +0.0168 -0.0003 -0.0065 +0.0032,0,1
+0.0042 -0.0039 +0.0197 +0.0955 -0.0868 +0.0134 +0.0390 -0.0073 -0.0358 -0.0068 -0.0645 -0.0257 +0.0551 +0.0104 -0.0317 +0.0358 +0.0045 -0.0209 +0.0181 -0.0161 +0.0500 -0.0309 -0.0015 -0.0025 +0.0265 +0.0168 -0.0003 -0.0065 +0.0032 -0.0324,0,1
-0.0039 +0.0197 +0.0955 -0.0868 +0.0134 +0.0390 -0.0073 -0.0358 -0.0068 -0.0645 -0.0257 +0.0551 +0.0104 -0.0317 +0.0358 +0.0045 -0.0209 +0.0181 -0.0161 +0.0500 -0.0309 -0.0015 -0.0025 +0.0265 +0.0168 -0.0003 -0.0065 +0.0032 -0.0324 -0.0208,0,1
+0.0197 +0.0955 -0.0868 +0.0134 +0.0390 -0.0073 -0.0358 -0.0068 -0.0645 -0.0257 +0.0551 +0.0104 -0.0317 +0.0358 +0.0045 -0.0209 +0.0181 -0.0161 +0.0500 -0.0309 -0.0015 -0.0025 +0.0265 +0.0168 -0.0003 -0.0065 +0.0032 -0.0324 -0.0208 -0.0032,1,1
+0.0955 -0.0868 +0.0134 +0.0390 -0.0073 -0.0358 -0.0068 -0.0645 -0.0257 +0.0551 +0.0104 -0.0317 +0.0358 +0.0045 -0.0209 +0.0181 -0.0161 +0.0500 -0.0309 -0.0015 -0.0025 +0.0265 +0.0168 -0.0003 -0.0065 +0.0032 -0.0324 -0.0208 -0.0032 +0.0026,1,1
-0.0868 +0.0134 +0.0390 -0.0073 -0.0358 -0.0068 -0.0645 -0.0257 +0.0551 +0.0104 -0.0317 +0.0358 +0.0045 -0.0209 +0.0181 -0.0161 +0.0500 -0.0309 -0.0015 -0.0025 +0.0265 +0.0168 -0.0003 -0.0065 +0.0032 -0.0324 -0.0208 -0.0032 +0.0026 +0.0317,0,1
+0.0134 +0.0390 -0.0073 -0.0358 -0.0068 -0.0645 -0.0257 +0.0551 +0.0104 -0.0317 +0.0358 +0.0045 -0.0209 +0.0181 -0.0161 +0.0500 -0.0309 -0.0015 -0.0025 +0.0265 +0.0168 -0.0003 -0.0065 +0.0032 -0.0324 -0.0208 -0.0032 +0.0026 +0.0317 -0.0315,1,1
+0.0390 -0.0073 -0.0358 -0.0068 -0.0645 -0.0257 +0.0551 +0.0104 -0.0317 +0.0358 +0.0045 -0.0209 +0.0181 -0.0161 +0.0500 -0.0309 -0.0015 -0.0025 +0.0265 +0.0168 -0.0003 -0.0065 +0.0032 -0.0324 -0.0208 -0.0032 +0.0026 +0.0317 -0.0315 +0.0075,1,1
-0.0073 -0.0358 -0.0068 -0.0645 -0.0257 +0.0551 +0.0104 -0.0317 +0.0358 +0.0045 -0.0209 +0.0181 -0.0161 +0.0500 -0.0309 -0.0015 -0.0025 +0.0265 +0.0168 -0.0003 -0.0065 +0.0032 -0.0324 -0.0208 -0.0032 +0.0026 +0.0317 -0.0315 +0.0075 +0.0089,0,1
-0.0358 -0.0068 -0.0645 -0.0257 +0.0551 +0.0104 -0.0317 +0.0358 +0.0045 -0.0209 +0.0181 -0.0161 +0.0500 -0.0309 -0.0015 -0.0025 +0.0265 +0.0168 -0.0003 -0.0065 +0.0032 -0.0324 -0.0208 -0.0032 +0.0026 +0.0317 -0.0315 +0.0075 +0.0089 -0.0040,0,1
-0.0068 -0.0645 -0.0257 +0.0551 +0.0104 -0.0317 +0.0358 +0.0045 -0.0209 +0.0181 -0.0161 +0.0500 -0.0309 -0.0015 -0.0025 +0.0265 +0.0168 -0.0003 -0.0065 +0.0032 -0.0324 -0.0208 -0.0032 +0.0026 +0.0317 -0.0315 +0.0075 +0.0089 -0.0040 -0.0634,1,1
-0.0645 -0.0257 +0.0551 +0.0104 -0.0317 +0.0358 +0.0045 -0.0209 +0.0181 -0.0161 +0.0500 -0.0309 -0.0015 -0.0025 +0.0265 +0.0168 -0.0003 -0.0065 +0.0032 -0.0324 -0.0208 -0.0032 +0.0026 +0.0317 -0.0315 +0.0075 +0.0089 -0.0040 -0.0634 +0.0131,0,1
-0.0257 +0.0551 +0.0104 -0.0317 +0.0358 +0.0045 -0.0209 +0.0181 -0.0161 +0.0500 -0.0309 -0.0015 -0.0025 +0.0265 +0.0168 -0.0003 -0.0065 +0.0032 -0.0324 -0.0208 -0.0032 +0.0026 +0.0317 -0.0315 +0.0075 +0.0089 -0.0040 -0.0634 +0.0131 -0.0374,1,1
+0.0551 +0.0104 -0.0317 +0.0358 +0.0045 -0.0209 +0.0181 -0.0161 +0.0500 -0.0309 -0.0015 -0.0025 +0.0265 +0.0168 -0.0003 -0.0065 +0.0032 -0.0324 -0.0208 -0.0032 +0.0026 +0.0317 -0.0315 +0.0075 +0.0089 -0.0040 -0.0634 +0.0131 -0.0374 +0.0826,0,1
+0.0104 -0.0317 +0.0358 +0.0045 -0.0209 +0.0181 -0.0161 +0.0500 -0.0309 -0.0015 -0.0025 +0.0265 +0.0168 -0.0003 -0.0065 +0.0032 -0.0324 -0.0208 -0.0032 +0.0026 +0.0317 -0.0315 +0.0075 +0.0089 -0.0040 -0.0634 +0.0131 -0.0374 +0.0826 -0.0357,1,1
-0.0317 +0.0358 +0.0045 -0.0209 +0.0181 -0.0161 +0.0500 -0.0309 -0.0015 -0.0025 +0.0265 +0.0168 -0.0003 -0.0065 +0.0032 -0.0324 -0.0208 -0.0032 +0.0026 +0.0317 -0.0315 +0.0075 +0.0089 -0.0040 -0.0634 +0.0131 -0.0374 +0.0826 -0.0357 +0.0475,1,1
+0.0358 +0.0045 -0.0209 +0.0181 -0.0161 +0.0500 -0.0309 -0.0015 -0.0025 +0.0265 +0.0168 -0.0003 -0.0065 +0.0032 -0.0324 -0.0208 -0.0032 +0.0026 +0.0317 -0.0315 +0.0075 +0.0089 -0.0040 -0.0634 +0.0131 -0.0374 +0.0826 -0.0357 +0.0475 +0.0226,0,1
+0.0045 -0.0209 +0.0181 -0.0161 +0.0500 -0.0309 -0.0015 -0.0025 +0.0265 +0.0168 -0.0003 -0.0065 +0.0032 -0.0324 -0.0208 -0.0032 +0.0026 +0.0317 -0.0315 +0.0075 +0.0089 -0.0040 -0.0634 +0.0131 -0.0374 +0.0826 -0.0357 +0.0475 +0.0226 -0.0188,1,1
-0.0209 +0.0181 -0.0161 +0.0500 -0.0309 -0.0015 -0.0025 +0.0265 +0.0168 -0.0003 -0.0065 +0.0032 -0.0324 -0.0208 -0.0032 +0.0026 +0.0317 -0.0315 +0.0075 +0.0089 -0.0040 -0.0634 +0.0131 -0.0374 +0.0826 -0.0357 +0.0475 +0.0226 -0.0188 +0.0102,0,1
+0.0181 -0.0161 +0.0500 -0.0309 -0.0015 -0.0025 +0.0265 +0.0168 -0.0003 -0.0065 +0.0032 -0.0324 -0.0208 -0.0032 +0.0026 +0.0317 -0.0315 +0.0075 +0.0089 -0.0040 -0.0634 +0.0131 -0.0374 +0.0826 -0.0357 +0.0475 +0.0226 -0.0188 +0.0102 -0.0103,1,1
-0.0161 +0.0500 -0.0309 -0.0015 -0.0025 +0.0265 +0.0168 -0.0003 -0.0065 +0.0032 -0.0324 -0.0208 -0.0032 +0.0026 +0.0317 -0.0315 +0.0075 +0.0089 -0.0040 -0.0634 +0.0131 -0.0374 +0.0826 -0.0357 +0.0475 +0.0226 -0.0188 +0.0102 -0.0103 +0.0044,1,1
+0.0500 -0.0309 -0.0015 -0.0025 +0.0265 +0.0168 -0.0003 -0.0065 +0.0032 -0.0324 -0.0208 -0.0032 +0.0026 +0.0317 -0.0315 +0.0075 +0.0089 -0.0040 -0.0634 +0.0131 -0.0374 +0.0826 -0.0357 +0.0475 +0.0226 -0.0188 +0.0102 -0.0103 +0.0044 +0.0103,0,1
-0.0309 -0.0015 -0.0025 +0.0265 +0.0168 -0.0003 -0.0065 +0.0032 -0.0324 -0.0208 -0.0032 +0.0026 +0.0317 -0.0315 +0.0075 +0.0089 -0.0040 -0.0634 +0.0131 -0.0374 +0.0826 -0.0357 +0.0475 +0.0226 -0.0188 +0.0102 -0.0103 +0.0044 +0.0103 -0.0052,1,1
-0.0015 -0.0025 +0.0265 +0.0168 -0.0003 -0.0065 +0.0032 -0.0324 -0.0208 -0.0032 +0.0026 +0.0317 -0.0315 +0.0075 +0.0089 -0.0040 -0.0634 +0.0131 -0.0374 +0.0826 -0.0357 +0.0475 +0.0226 -0.0188 +0.0102 -0.0103 +0.0044 +0.0103 -0.0052 +0.0073,1,1
-0.0025 +0.0265 +0.0168 -0.0003 -0.0065 +0.0032 -0.0324 -0.0208 -0.0032 +0.0026 +0.0317 -0.0315 +0.0075 +0.0089 -0.0040 -0.0634 +0.0131 -0.0374 +0.0826 -0.0357 +0.0475 +0.0226 -0.0188 +0.0102 -0.0103 +0.0044 +0.0103 -0.0052 +0.0073 +0.0013,1,1
+0.0265 +0.0168 -0.0003 -0.0065 +0.0032 -0.0324 -0.0208 -0.0032 +0.0026 +0.0317 -0.0315 +0.0075 +0.0089 -0.0040 -0.0634 +0.0131 -0.0374 +0.0826 -0.0357 +0.0475 +0.0226 -0.0188 +0.0102 -0.0103 +0.0044 +0.0103 -0.0052 +0.0073 +0.0013 +0.0275,1,1
+0.0168 -0.0003 -0.0065 +0.0032 -0.0324 -0.0208 -0.0032 +0.0026 +0.0317 -0.0315 +0.0075 +0.0089 -0.0040 -0.0634 +0.0131 -0.0374 +0.0826 -0.0357 +0.0475 +0.0226 -0.0188 +0.0102 -0.0103 +0.0044 +0.0103 -0.0052 +0.0073 +0.0013 +0.0275 +0.0677,1,1
-0.0003 -0.0065 +0.0032 -0.0324 -0.0208 -0.0032 +0.0026 +0.0317 -0.0315 +0.0075 +0.0089 -0.0040 -0.0634 +0.0131 -0.0374 +0.0826 -0.0357 +0.0475 +0.0226 -0.0188 +0.0102 -0.0103 +0.0044 +0.0103 -0.0052 +0.0073 +0.0013 +0.0275 +0.0677 +0.0028,1,1
-0.0065 +0.0032 -0.0324 -0.0208 -0.0032 +0.0026 +0.0317 -0.0315 +0.0075 +0.0089 -0.0040 -0.0634 +0.0131 -0.0374 +0.0826 -0.0357 +0.0475 +0.0226 -0.0188 +0.0102 -0.0103 +0.0044 +0.0103 -0.0052 +0.0073 +0.0013 +0.0275 +0.0677 +0.0028 +0.0026,1,1
+0.0032 -0.0324 -0.0208 -0.0032 +0.0026 +0.0317 -0.0315 +0.0075 +0.0089 -0.0040 -0.0634 +0.0131 -0.0374 +0.0826 -0.0357 +0.0475 +0.0226 -0.0188 +0.0102 -0.0103 +0.0044 +0.0103 -0.0052 +0.0073 +0.0013 +0.0275 +0.0677 +0.0028 +0.0026 +0.0083,0,1
-0.0324 -0.0208 -0.0032 +0.0026 +0.0317 -0.0315 +0.0075 +0.0089 -0.0040 -0.0634 +0.0131 -0.0374 +0.0826 -0.0357 +0.0475 +0.0226 -0.0188 +0.0102 -0.0103 +0.0044 +0.0103 -0.0052 +0.0073 +0.0013 +0.0275 +0.0677 +0.0028 +0.0026 +0.0083 -0.0008,0,1
-0.0208 -0.0032 +0.0026 +0.0317 -0.0315 +0.0075 +0.0089 -0.0040 -0.0634 +0.0131 -0.0374 +0.0826 -0.0357 +0.0475 +0.0226 -0.0188 +0.0102 -0.0103 +0.0044 +0.0103 -0.0052 +0.0073 +0.0013 +0.0275 +0.0677 +0.0028 +0.0026 +0.0083 -0.0008 -0.0094,1,1
-0.0032 +0.0026 +0.0317 -0.0315 +0.0075 +0.0089 -0.0040 -0.0634 +0.0131 -0.0374 +0.0826 -0.0357 +0.0475 +0.0226 -0.0188 +0.0102 -0.0103 +0.0044 +0.0103 -0.0052 +0.0073 +0.0013 +0.0275 +0.0677 +0.0028 +0.0026 +0.0083 -0.0008 -0.0094 +0.0131,0,1
+0.0026 +0.0317 -0.0315 +0.0075 +0.0089 -0.0040 -0.0634 +0.0131 -0.0374 +0.0826 -0.0357 +0.0475 +0.0226 -0.0188 +0.0102 -0.0103 +0.0044 +0.0103 -0.0052 +0.0073 +0.0013 +0.0275 +0.0677 +0.0028 +0.0026 +0.0083 -0.0008 -0.0094 +0.0131 -0.0073,0,1
+0.0317 -0.0315 +0.0075 +0.0089 -0.0040 -0.0634 +0.0131 -0.0374 +0.0826 -0.0357 +0.0475 +0.0226 -0.0188 +0.0102 -0.0103 +0.0044 +0.0103 -0.0052 +0.0073 +0.0013 +0.0275 +0.0677 +0.0028 +0.0026 +0.0083 -0.0008 -0.0094 +0.0131 -0.0073 -0.0008,1,1
-0.0315 +0.0075 +0.0089 -0.0040 -0.0634 +0.0131 -0.0374 +0.0826 -0.0357 +0.0475 +0.0226 -0.0188 +0.0102 -0.0103 +0.0044 +0.0103 -0.0052 +0.0073 +0.0013 +0.0275 +0.0677 +0.0028 +0.0026 +0.0083 -0.0008 -0.0094 +0.0131 -0.0073 -0.0008 +0.0243,1,1
+0.0075 +0.0089 -0.0040 -0.0634 +0.0131 -0.0374 +0.0826 -0.0357 +0.0475 +0.0226 -0.0188 +0.0102 -0.0103 +0.0044 +0.0103 -0.0052 +0.0073 +0.0013 +0.0275 +0.0677 +0.0028 +0.0026 +0.0083 -0.0008 -0.0094 +0.0131 -0.0073 -0.0008 +0.0243 +0.0043,0,1
+0.0089 -0.0040 -0.0634 +0.0131 -0.0374 +0.0826 -0.0357 +0.0475 +0.0226 -0.0188 +0.0102 -0.0103 +0.0044 +0.0103 -0.0052 +0.0073 +0.0013 +0.0275 +0.0677 +0.0028 +0.0026 +0.0083 -0.0008 -0.0094 +0.0131 -0.0073 -0.0008 +0.0243 +0.0043 -0.0105,0,1
-0.0040 -0.0634 +0.0131 -0.0374 +0.0826 -0.0357 +0.0475 +0.0226 -0.0188 +0.0102 -0.0103 +0.0044 +0.0103 -0.0052 +0.0073 +0.0013 +0.0275 +0.0677 +0.0028 +0.0026 +0.0083 -0.0008 -0.0094 +0.0131 -0.0073 -0.0008 +0.0243 +0.0043 -0.0105 -0.0164,1,1
-0.0634 +0.0131 -0.0374 +0.0826 -0.0357 +0.0475 +0.0226 -0.0188 +0.0102 -0.0103 +0.0044 +0.0103 -0.0052 +0.0073 +0.0013 +0.0275 +0.0677 +0.0028 +0.0026 +0.0083 -0.0008 -0.0094 +0.0131 -0.0073 -0.0008 +0.0243 +0.0043 -0.0105 -0.0164 +0.0046,1,1
+0.0131 -0.0374 +0.0826 -0.0357 +0.0475 +0.0226 -0.0188 +0.0102 -0.0103 +0.0044 +0.0103 -0.0052 +0.0073 +0.0013 +0.0275 +0.0677 +0.0028 +0.0026 +0.0083 -0.0008 -0.0094 +0.0131 -0.0073 -0.0008 +0.0243 +0.0043 -0.0105 -0.0164 +0.0046 +0.0217,1,1
-0.0374 +0.0826 -0.0357 +0.0475 +0.0226 -0.0188 +0.0102 -0.0103 +0.0044 +0.0103 -0.0052 +0.0073 +0.0013 +0.0275 +0.0677 +0.0028 +0.0026 +0.0083 -0.0008 -0.0094 +0.0131 -0.0073 -0.0008 +0.0243 +0.0043 -0.0105 -0.0164 +0.0046 +0.0217 +0.0024,1,1
+0.0826 -0.0357 +0.0475 +0.0226 -0.0188 +0.0102 -0.0103 +0.0044 +0.0103 -0.0052 +0.0073 +0.0013 +0.0275 +0.0677 +0.0028 +0.0026 +0.0083 -0.0008 -0.0094 +0.0131 -0.0073 -0.0008 +0.0243 +0.0043 -0.0105 -0.0164 +0.0046 +0.0217 +0.0024 +0.0640,0,1
-0.0357 +0.0475 +0.0226 -0.0188 +0.0102 -0.0103 +0.0044 +0.0103 -0.0052 +0.0073 +0.0013 +0.0275 +0.0677 +0.0028 +0.0026 +0.0083 -0.0008 -0.0094 +0.0131 -0.0073 -0.0008 +0.0243 +0.0043 -0.0105 -0.0164 +0.0046 +0.0217 +0.0024 +0.0640 -0.0026,1,1
+0.0475 +0.0226 -0.0188 +0.0102 -0.0103 +0.0044 +0.0103 -0.0052 +0.0073 +0.0013 +0.0275 +0.0677 +0.0028 +0.0026 +0.0083 -0.0008 -0.0094 +0.0131 -0.0073 -0.0008 +0.0243 +0.0043 -0.0105 -0.0164 +0.0046 +0.0217 +0.0024 +0.0640 -0.0026 +0.0168,0,1
+0.0226 -0.0188 +0.0102 -0.0103 +0.0044 +0.0103 -0.0052 +0.0073 +0.0013 +0.0275 +0.0677 +0.0028 +0.0026 +0.0083 -0.0008 -0.0094 +0.0131 -0.0073 -0.0008 +0.0243 +0.0043 -0.0105 -0.0164 +0.0046 +0.0217 +0.0024 +0.0640 -0.0026 +0.0168 -0.0056,0,1
-0.0188 +0.0102 -0.0103 +0.0044 +0.0103 -0.0052 +0.0073 +0.0013 +0.0275 +0.0677 +0.0028 +0.0026 +0.0083 -0.0008 -0.0094 +0.0131 -0.0073 -0.0008 +0.0243 +0.0043 -0.0105 -0.0164 +0.0046 +0.0217 +0.0024 +0.0640 -0.0026 +0.0168 -0.0056 -0.0124,1,1
+0.0102 -0.0103 +0.0044 +0.0103 -0.0052 +0.0073 +0.0013 +0.0275 +0.0677 +0.0028 +0.0026 +0.0083 -0.0008 -0.0094 +0.0131 -0.0073 -0.0008 +0.0243 +0.0043 -0.0105 -0.0164 +0.0046 +0.0217 +0.0024 +0.0640 -0.0026 +0.0168 -0.0056 -0.0124 +0.0132,0,1
-0.0103 +0.0044 +0.0103 -0.0052 +0.0073 +0.0013 +0.0275 +0.0677 +0.0028 +0.0026 +0.0083 -0.0008 -0.0094 +0.0131 -0.0073 -0.0008 +0.0243 +0.0043 -0.0105 -0.0164 +0.0046 +0.0217 +0.0024 +0.0640 -0.0026 +0.0168 -0.0056 -0.0124 +0.0132 -0.0061,1,1
+0.0044 +0.0103 -0.0052 +0.0073 +0.0013 +0.0275 +0.0677 +0.0028 +0.0026 +0.0083 -0.0008 -0.0094 +0.0131 -0.0073 -0.0008 +0.0243 +0.0043 -0.0105 -0.0164 +0.0046 +0.0217 +0.0024 +0.0640 -0.0026 +0.0168 -0.0056 -0.0124 +0.0132 -0.0061 +0.0020,0,1
+0.0103 -0.0052 +0.0073 +0.0013 +0.0275 +0.0677 +0.0028 +0.0026 +0.0083 -0.0008 -0.0094 +0.0131 -0.0073 -0.0008 +0.0243 +0.0043 -0.0105 -0.0164 +0.0046 +0.0217 +0.0024 +0.0640 -0.0026 +0.0168 -0.0056 -0.0124 +0.0132 -0.0061 +0.0020 -0.0025,0,1
-0.0052 +0.0073 +0.0013 +0.0275 +0.0677 +0.0028 +0.0026 +0.0083 -0.0008 -0.0094 +0.0131 -0.0073 -0.0008 +0.0243 +0.0043 -0.0105 -0.0164 +0.0046 +0.0217 +0.0024 +0.0640 -0.0026 +0.0168 -0.0056 -0.0124 +0.0132 -0.0061 +0.0020 -0.0025 -0.0029,1,1
+0.0073 +0.0013 +0.0275 +0.0677 +0.0028 +0.0026 +0.0083 -0.0008 -0.0094 +0.0131 -0.0073 -0.0008 +0.0243 +0.0043 -0.0105 -0.0164 +0.0046 +0.0217 +0.0024 +0.0640 -0.0026 +0.0168 -0.0056 -0.0124 +0.0132 -0.0061 +0.0020 -0.0025 -0.0029 +0.0315,0,1
+0.0013 +0.0275 +0.0677 +0.0028 +0.0026 +0.0083 -0.0008 -0.0094 +0.0131 -0.0073 -0.0008 +0.0243 +0.0043 -0.0105 -0.0164 +0.0046 +0.0217 +0.0024 +0.0640 -0.0026 +0.0168 -0.0056 -0.0124 +0.0132 -0.0061 +0.0020 -0.0025 -0.0029 +0.0315 -0.0079,1,1
+0.0275 +0.0677 +0.0028 +0.0026 +0.0083 -0.0008 -0.0094 +0.0131 -0.0073 -0.0008 +0.0243 +0.0043 -0.0105 -0.0164 +0.0046 +0.0217 +0.0024 +0.0640 -0.0026 +0.0168 -0.0056 -0.0124 +0.0132 -0.0061 +0.0020 -0.0025 -0.0029 +0.0315 -0.0079 +0.0112,1,1
+0.0677 +0.0028 +0.0026 +0.0083 -0.0008 -0.0094 +0.0131 -0.0073 -0.0008 +0.0243 +0.0043 -0.0105 -0.0164 +0.0046 +0.0217 +0.0024 +0.0640 -0.0026 +0.0168 -0.0056 -0.0124 +0.0132 -0.0061 +0.0020 -0.0025 -0.0029 +0.0315 -0.0079 +0.0112 +0.0270,1,1
+0.0028 +0.0026 +0.0083 -0.0008 -0.0094 +0.0131 -0.0073 -0.0008 +0.0243 +0.0043 -0.0105 -0.0164 +0.0046 +0.0217 +0.0024 +0.0640 -0.0026 +0.0168 -0.0056 -0.0124 +0.0132 -0.0061 +0.0020 -0.0025 -0.0029 +0.0315 -0.0079 +0.0112 +0.0270 +0.0182,0,1
+0.0026 +0.0083 -0.0008 -0.0094 +0.0131 -0.0073 -0.0008 +0.0243 +0.0043 -0.0105 -0.0164 +0.0046 +0.0217 +0.0024 +0.0640 -0.0026 +0.0168 -0.0056 -0.0124 +0.0132 -0.0061 +0.0020 -0.0025 -0.0029 +0.0315 -0.0079 +0.0112 +0.0270 +0.0182 -0.0393,1,1
+0.0083 -0.0008 -0.0094 +0.0131 -0.0073 -0.0008 +0.0243 +0.0043 -0.0105 -0.0164 +0.0046 +0.0217 +0.0024 +0.0640 -0.0026 +0.0168 -0.0056 -0.0124 +0.0132 -0.0061 +0.0020 -0.0025 -0.0029 +0.0315 -0.0079 +0.0112 +0.0270 +0.0182 -0.0393 +0.0047,1,1
-0.0008 -0.0094 +0.0131 -0.0073 -0.0008 +0.0243 +0.0043 -0.0105 -0.0164 +0.0046 +0.0217 +0.0024 +0.0640 -0.0026 +0.0168 -0.0056 -0.0124 +0.0132 -0.0061 +0.0020 -0.0025 -0.0029 +0.0315 -0.0079 +0.0112 +0.0270 +0.0182 -0.0393 +0.0047 +0.0115,1,1
-0.0094 +0.0131 -0.0073 -0.0008 +0.0243 +0.0043 -0.0105 -0.0164 +0.0046 +0.0217 +0.0024 +0.0640 -0.0026 +0.0168 -0.0056 -0.0124 +0.0132 -0.0061 +0.0020 -0.0025 -0.0029 +0.0315 -0.0079 +0.0112 +0.0270 +0.0182 -0.0393 +0.0047 +0.0115 +0.0037,0,1
+0.0131 -0.0073 -0.0008 +0.0243 +0.0043 -0.0105 -0.0164 +0.0046 +0.0217 +0.0024 +0.0640 -0.0026 +0.0168 -0.0056 -0.0124 +0.0132 -0.0061 +0.0020 -0.0025 -0.0029 +0.0315 -0.0079 +0.0112 +0.0270 +0.0182 -0.0393 +0.0047 +0.0115 +0.0037 -0.0041,0,1
-0.0073 -0.0008 +0.0243 +0.0043 -0.0105 -0.0164 +0.0046 +0.0217 +0.0024 +0.0640 -0.0026 +0.0168 -0.0056 -0.0124 +0.0132 -0.0061 +0.0020 -0.0025 -0.0029 +0.0315 -0.0079 +0.0112 +0.0270 +0.0182 -0.0393 +0.0047 +0.0115 +0.0037 -0.0041 -0.0109,0,1
-0.0008 +0.0243 +0.0043 -0.0105 -0.0164 +0.0046 +0.0217 +0.0024 +0.0640 -0.0026 +0.0168 -0.0056 -0.0124 +0.0132 -0.0061 +0.0020 -0.0025 -0.0029 +0.0315 -0.0079 +0.0112 +0.0270 +0.0182 -0.0393 +0.0047 +0.0115 +0.0037 -0.0041 -0.0109 -0.0200,0,1
+0.0243 +0.0043 -0.0105 -0.0164 +0.0046 +0.0217 +0.0024 +0.0640 -0.0026 +0.0168 -0.0056 -0.0124 +0.0132 -0.0061 +0.0020 -0.0025 -0.0029 +0.0315 -0.0079 +0.0112 +0.0270 +0.0182 -0.0393 +0.0047 +0.0115 +0.0037 -0.0041 -0.0109 -0.0200 -0.0156,1,1
+0.0043 -0.0105 -0.0164 +0.0046 +0.0217 +0.0024 +0.0640 -0.0026 +0.0168 -0.0056 -0.0124 +0.0132 -0.0061 +0.0020 -0.0025 -0.0029 +0.0315 -0.0079 +0.0112 +0.0270 +0.0182 -0.0393 +0.0047 +0.0115 +0.0037 -0.0041 -0.0109 -0.0200 -0.0156 +0.0061,1,1
-0.0105 -0.0164 +0.0046 +0.0217 +0.0024 +0.0640 -0.0026 +0.0168 -0.0056 -0.0124 +0.0132 -0.0061 +0.0020 -0.0025 -0.0029 +0.0315 -0.0079 +0.0112 +0.0270 +0.0182 -0.0393 +0.0047 +0.0115 +0.0037 -0.0041 -0.0109 -0.0200 -0.0156 +0.0061 +0.0097,1,1
-0.0164 +0.0046 +0.0217 +0.0024 +0.0640 -0.0026 +0.0168 -0.0056 -0.0124 +0.0132 -0.0061 +0.0020 -0.0025 -0.0029 +0.0315 -0.0079 +0.0112 +0.0270 +0.0182 -0.0393 +0.0047 +0.0115 +0.0037 -0.0041 -0.0109 -0.0200 -0.0156 +0.0061 +0.0097 +0.0022,0,1
+0.0046 +0.0217 +0.0024 +0.0640 -0.0026 +0.0168 -0.0056 -0.0124 +0.0132 -0.0061 +0.0020 -0.0025 -0.0029 +0.0315 -0.0079 +0.0112 +0.0270 +0.0182 -0.0393 +0.0047 +0.0115 +0.0037 -0.0041 -0.0109 -0.0200 -0.0156 +0.0061 +0.0097 +0.0022 -0.0042,0,1
+0.0217 +0.0024 +0.0640 -0.0026 +0.0168 -0.0056 -0.0124 +0.0132 -0.0061 +0.0020 -0.0025 -0.0029 +0.0315 -0.0079 +0.0112 +0.0270 +0.0182 -0.0393 +0.0047 +0.0115 +0.0037 -0.0041 -0.0109 -0.0200 -0.0156 +0.0061 +0.0097 +0.0022 -0.0042 -0.0066,0,1
+0.0024 +0.0640 -0.0026 +0.0168 -0.0056 -0.0124 +0.0132 -0.0061 +0.0020 -0.0025 -0.0029 +0.0315 -0.0079 +0.0112 +0.0270 +0.0182 -0.0393 +0.0047 +0.0115 +0.0037 -0.0041 -0.0109 -0.0200 -0.0156 +0.0061 +0.0097 +0.0022 -0.0042 -0.0066 -0.0301,1,1
+0.0640 -0.0026 +0.0168 -0.0056 -0.0124 +0.0132 -0.0061 +0.0020 -0.0025 -0.0029 +0.0315 -0.0079 +0.0112 +0.0270 +0.0182 -0.0393 +0.0047 +0.0115 +0.0037 -0.0041 -0.0109 -0.0200 -0.0156 +0.0061 +0.0097 +0.0022 -0.0042 -0.0066 -0.0301 +0.0277,1,1
-0.0026 +0.0168 -0.0056 -0.0124 +0.0132 -0.0061 +0.0020 -0.0025 -0.0029 +0.0315 -0.0079 +0.0112 +0.0270 +0.0182 -0.0393 +0.0047 +0.0115 +0.0037 -0.0041 -0.0109 -0.0200 -0.0156 +0.0061 +0.0097 +0.0022 -0.0042 -0.0066 -0.0301 +0.0277 +0.0117,1,1
+0.0168 -0.0056 -0.0124 +0.0132 -0.0061 +0.0020 -0.0025 -0.0029 +0.0315 -0.0079 +0.0112 +0.0270 +0.0182 -0.0393 +0.0047 +0.0115 +0.0037 -0.0041 -0.0109 -0.0200 -0.0156 +0.0061 +0.0097 +0.0022 -0.0042 -0.0066 -0.0301 +0.0277 +0.0117 +0.0017,1,1
-0.0056 -0.0124 +0.0132 -0.0061 +0.0020 -0.0025 -0.0029 +0.0315 -0.0079 +0.0112 +0.0270 +0.0182 -0.0393 +0.0047 +0.0115 +0.0037 -0.0041 -0.0109 -0.0200 -0.0156 +0.0061 +0.0097 +0.0022 -0.0042 -0.0066 -0.0301 +0.0277 +0.0117 +0.0017 +0.0425,0,1
-0.0124 +0.0132 -0.0061 +0.0020 -0.0025 -0.0029 +0.0315 -0.0079 +0.0112 +0.0270 +0.0182 -0.0393 +0.0047 +0.0115 +0.0037 -0.0041 -0.0109 -0.0200 -0.0156 +0.0061 +0.0097 +0.0022 -0.0042 -0.0066 -0.0301 +0.0277 +0.0117 +0.0017 +0.0425 -0.0003,0,1
+0.0132 -0.0061 +0.0020 -0.0025 -0.0029 +0.0315 -0.0079 +0.0112 +0.0270 +0.0182 -0.0393 +0.0047 +0.0115 +0.0037 -0.0041 -0.0109 -0.0200 -0.0156 +0.0061 +0.0097 +0.0022 -0.0042 -0.0066 -0.0301 +0.0277 +0.0117 +0.0017 +0.0425 -0.0003 -0.0142,0,1
-0.0061 +0.0020 -0.0025 -0.0029 +0.0315 -0.0079 +0.0112 +0.0270 +0.0182 -0.0393 +0.0047 +0.0115 +0.0037 -0.0041 -0.0109 -0.0200 -0.0156 +0.0061 +0.0097 +0.0022 -0.0042 -0.0066 -0.0301 +0.0277 +0.0117 +0.0017 +0.0425 -0.0003 -0.0142 -0.0254,1,1
+0.0020 -0.0025 -0.0029 +0.0315 -0.0079 +0.0112 +0.0270 +0.0182 -0.0393 +0.0047 +0.0115 +0.0037 -0.0041 -0.0109 -0.0200 -0.0156 +0.0061 +0.0097 +0.0022 -0.0042 -0.0066 -0.0301 +0.0277 +0.0117 +0.0017 +0.0425 -0.0003 -0.0142 -0.0254 +0.0015,0,1
-0.0025 -0.0029 +0.0315 -0.0079 +0.0112 +0.0270 +0.0182 -0.0393 +0.0047 +0.0115 +0.0037 -0.0041 -0.0109 -0.0200 -0.0156 +0.0061 +0.0097 +0.0022 -0.0042 -0.0066 -0.0301 +0.0277 +0.0117 +0.0017 +0.0425 -0.0003 -0.0142 -0.0254 +0.0015 -0.0058,1,1
-0.0029 +0.0315 -0.0079 +0.0112 +0.0270 +0.0182 -0.0393 +0.0047 +0.0115 +0.0037 -0.0041 -0.0109 -0.0200 -0.0156 +0.0061 +0.0097 +0.0022 -0.0042 -0.0066 -0.0301 +0.0277 +0.0117 +0.0017 +0.0425 -0.0003 -0.0142 -0.0254 +0.0015 -0.0058 +0.0008,1,1
+0.0315 -0.0079 +0.0112 +0.0270 +0.0182 -0.0393 +0.0047 +0.0115 +0.0037 -0.0041 -0.0109 -0.0200 -0.0156 +0.0061 +0.0097 +0.0022 -0.0042 -0.0066 -0.0301 +0.0277 +0.0117 +0.0017 +0.0425 -0.0003 -0.0142 -0.0254 +0.0015 -0.0058 +0.0008 +0.0118,0,1
-0.0079 +0.0112 +0.0270 +0.0182 -0.0393 +0.0047 +0.0115 +0.0037 -0.0041 -0.0109 -0.0200 -0.0156 +0.0061 +0.0097 +0.0022 -0.0042 -0.0066 -0.0301 +0.0277 +0.0117 +0.0017 +0.0425 -0.0003 -0.0142 -0.0254 +0.0015 -0.0058 +0.0008 +0.0118 -0.0206,1,1
+0.0112 +0.0270 +0.0182 -0.0393 +0.0047 +0.0115 +0.0037 -0.0041 -0.0109 -0.0200 -0.0156 +0.0061 +0.0097 +0.0022 -0.0042 -0.0066 -0.0301 +0.0277 +0.0117 +0.0017 +0.0425 -0.0003 -0.0142 -0.0254 +0.0015 -0.0058 +0.0008 +0.0118 -0.0206 +0.0027,0,1
+0.0270 +0.0182 -0.0393 +0.0047 +0.0115 +0.0037 -0.0041 -0.0109 -0.0200 -0.0156 +0.0061 +0.0097 +0.0022 -0.0042 -0.0066 -0.0301 +0.0277 +0.0117 +0.0017 +0.0425 -0.0003 -0.0142 -0.0254 +0.0015 -0.0058 +0.0008 +0.0118 -0.0206 +0.0027 -0.0019,0,1
+0.0182 -0.0393 +0.0047 +0.0115 +0.0037 -0.0041 -0.0109 -0.0200 -0.0156 +0.0061 +0.0097 +0.0022 -0.0042 -0.0066 -0.0301 +0.0277 +0.0117 +0.0017 +0.0425 -0.0003 -0.0142 -0.0254 +0.0015 -0.0058 +0.0008 +0.0118 -0.0206 +0.0027 -0.0019 -0.0131,0,1
-0.0393 +0.0047 +0.0115 +0.0037 -0.0041 -0.0109 -0.0200 -0.0156 +0.0061 +0.0097 +0.0022 -0.0042 -0.0066 -0.0301 +0.0277 +0.0117 +0.0017 +0.0425 -0.0003 -0.0142 -0.0254 +0.0015 -0.0058 +0.0008 +0.0118 -0.0206 +0.0027 -0.0019 -0.0131 -0.0102,0,1
+0.0047 +0.0115 +0.0037 -0.0041 -0.0109 -0.0200 -0.0156 +0.0061 +0.0097 +0.0022 -0.0042 -0.0066 -0.0301 +0.0277 +0.0117 +0.0017 +0.0425 -0.0003 -0.0142 -0.0254 +0.0015 -0.0058 +0.0008 +0.0118 -0.0206 +0.0027 -0.0019 -0.0131 -0.0102 -0.0124,1,1
+0.0115 +0.0037 -0.0041 -0.0109 -0.0200 -0.0156 +0.0061 +0.0097 +0.0022 -0.0042 -0.0066 -0.0301 +0.0277 +0.0117 +0.0017 +0.0425 -0.0003 -0.0142 -0.0254 +0.0015 -0.0058 +0.0008 +0.0118 -0.0206 +0.0027 -0.0019 -0.0131 -0.0102 -0.0124 +0.0455,1,1
+0.0037 -0.0041 -0.0109 -0.0200 -0.0156 +0.0061 +0.0097 +0.0022 -0.0042 -0.0066 -0.0301 +0.0277 +0.0117 +0.0017 +0.0425 -0.0003 -0.0142 -0.0254 +0.0015 -0.0058 +0.0008 +0.0118 -0.0206 +0.0027 -0.0019 -0.0131 -0.0102 -0.0124 +0.0455 +0.0044,1,1
-0.0041 -0.0109 -0.0200 -0.0156 +0.0061 +0.0097 +0.0022 -0.0042 -0.0066 -0.0301 +0.0277 +0.0117 +0.0017 +0.0425 -0.0003 -0.0142 -0.0254 +0.0015 -0.0058 +0.0008 +0.0118 -0.0206 +0.0027 -0.0019 -0.0131 -0.0102 -0.0124 +0.0455 +0.0044 +0.0124,0,1
-0.0109 -0.0200 -0.0156 +0.0061 +0.0097 +0.0022 -0.0042 -0.0066 -0.0301 +0.0277 +0.0117 +0.0017 +0.0425 -0.0003 -0.0142 -0.0254 +0.0015 -0.0058 +0.0008 +0.0118 -0.0206 +0.0027 -0.0019 -0.0131 -0.0102 -0.0124 +0.0455 +0.0044 +0.0124 -0.0037,1,1
-0.0200 -0.0156 +0.0061 +0.0097 +0.0022 -0.0042 -0.0066 -0.0301 +0.0277 +0.0117 +0.0017 +0.0425 -0.0003 -0.0142 -0.0254 +0.0015 -0.0058 +0.0008 +0.0118 -0.0206 +0.0027 -0.0019 -0.0131 -0.0102 -0.0124 +0.0455 +0.0044 +0.0124 -0.0037 +0.0012,1,1
-0.0156 +0.0061 +0.0097 +0.0022 -0.0042 -0.0066 -0.0301 +0.0277 +0.0117 +0.0017 +0.0425 -0.0003 -0.0142 -0.0254 +0.0015 -0.0058 +0.0008 +0.0118 -0.0206 +0.0027 -0.0019 -0.0131 -0.0102 -0.0124 +0.0455 +0.0044 +0.0124 -0.0037 +0.0012 +0.0022,1,1
+0.0061 +0.0097 +0.0022 -0.0042 -0.0066 -0.0301 +0.0277 +0.0117 +0.0017 +0.0425 -0.0003 -0.0142 -0.0254 +0.0015 -0.0058 +0.0008 +0.0118 -0.0206 +0.0027 -0.0019 -0.0131 -0.0102 -0.0124 +0.0455 +0.0044 +0.0124 -0.0037 +0.0012 +0.0022 +0.0099,0,1
+0.0097 +0.0022 -0.0042 -0.0066 -0.0301 +0.0277 +0.0117 +0.0017 +0.0425 -0.0003 -0.0142 -0.0254 +0.0015 -0.0058 +0.0008 +0.0118 -0.0206 +0.0027 -0.0019 -0.0131 -0.0102 -0.0124 +0.0455 +0.0044 +0.0124 -0.0037 +0.0012 +0.0022 +0.0099 -0.0115,0,1
+0.0022 -0.0042 -0.0066 -0.0301 +0.0277 +0.0117 +0.0017 +0.0425 -0.0003 -0.0142 -0.0254 +0.0015 -0.0058 +0.0008 +0.0118 -0.0206 +0.0027 -0.0019 -0.0131 -0.0102 -0.0124 +0.0455 +0.0044 +0.0124 -0.0037 +0.0012 +0.0022 +0.0099 -0.0115 -0.0134,1,1
-0.0042 -0.0066 -0.0301 +0.0277 +0.0117 +0.0017 +0.0425 -0.0003 -0.0142 -0.0254 +0.0015 -0.0058 +0.0008 +0.0118 -0.0206 +0.0027 -0.0019 -0.0131 -0.0102 -0.0124 +0.0455 +0.0044 +0.0124 -0.0037 +0.0012 +0.0022 +0.0099 -0.0115 -0.0134 +0.0299,1,1
-0.0066 -0.0301 +0.0277 +0.0117 +0.0017 +0.0425 -0.0003 -0.0142 -0.0254 +0.0015 -0.0058 +0.0008 +0.0118 -0.0206 +0.0027 -0.0019 -0.0131 -0.0102 -0.0124 +0.0455 +0.0044 +0.0124 -0.0037 +0.0012 +0.0022 +0.0099 -0.0115 -0.0134 +0.0299 +0.0072,0,1
-0.0301 +0.0277 +0.0117 +0.0017 +0.0425 -0.0003 -0.0142 -0.0254 +0.0015 -0.0058 +0.0008 +0.0118 -0.0206 +0.0027 -0.0019 -0.0131 -0.0102 -0.0124 +0.0455 +0.0044 +0.0124 -0.0037 +0.0012 +0.0022 +0.0099 -0.0115 -0.0134 +0.0299 +0.0072 -0.0147,1,1
+0.0277 +0.0117 +0.0017 +0.0425 -0.0003 -0.0142 -0.0254 +0.0015 -0.0058 +0.0008 +0.0118 -0.0206 +0.0027 -0.0019 -0.0131 -0.0102 -0.0124 +0.0455 +0.0044 +0.0124 -0.0037 +0.0012 +0.0022 +0.0099 -0.0115 -0.0134 +0.0299 +0.0072 -0.0147 +0.0018,1,1
+0.0117 +0.0017 +0.0425 -0.0003 -0.0142 -0.0254 +0.0015 -0.0058 +0.0008 +0.0118 -0.0206 +0.0027 -0.0019 -0.0131 -0.0102 -0.0124 +0.0455 +0.0044 +0.0124 -0.0037 +0.0012 +0.0022 +0.0099 -0.0115 -0.0134 +0.0299 +0.0072 -0.0147 +0.0018 +0.0092,0,1
+0.0017 +0.0425 -0.0003 -0.0142 -0.0254 +0.0015 -0.0058 +0.0008 +0.0118 -0.0206 +0.0027 -0.0019 -0.0131 -0.0102 -0.0124 +0.0455 +0.0044 +0.0124 -0.0037 +0.0012 +0.0022 +0.0099 -0.0115 -0.0134 +0.0299 +0.0072 -0.0147 +0.0018 +0.0092 -0.0085,1,1
+0.0425 -0.0003 -0.0142 -0.0254 +0.0015 -0.0058 +0.0008 +0.0118 -0.0206 +0.0027 -0.0019 -0.0131 -0.0102 -0.0124 +0.0455 +0.0044 +0.0124 -0.0037 +0.0012 +0.0022 +0.0099 -0.0115 -0.0134 +0.0299 +0.0072 -0.0147 +0.0018 +0.0092 -0.0085 +0.0060,1,1
-0.0003 -0.0142 -0.0254 +0.0015 -0.0058 +0.0008 +0.0118 -0.0206 +0.0027 -0.0019 -0.0131 -0.0102 -0.0124 +0.0455 +0.0044 +0.0124 -0.0037 +0.0012 +0.0022 +0.0099 -0.0115 -0.0134 +0.0299 +0.0072 -0.0147 +0.0018 +0.0092 -0.0085 +0.0060 +0.0218,1,1
-0.0142 -0.0254 +0.0015 -0.0058 +0.0008 +0.0118 -0.0206 +0.0027 -0.0019 -0.0131 -0.0102 -0.0124 +0.0455 +0.0044 +0.0124 -0.0037 +0.0012 +0.0022 +0.0099 -0.0115 -0.0134 +0.0299 +0.0072 -0.0147 +0.0018 +0.0092 -0.0085 +0.0060 +0.0218 +0.0419,1,1
-0.0254 +0.0015 -0.0058 +0.0008 +0.0118 -0.0206 +0.0027 -0.0019 -0.0131 -0.0102 -0.0124 +0.0455 +0.0044 +0.0124 -0.0037 +0.0012 +0.0022 +0.0099 -0.0115 -0.0134 +0.0299 +0.0072 -0.0147 +0.0018 +0.0092 -0.0085 +0.0060 +0.0218 +0.0419 +0.0132,0,1
+0.0015 -0.0058 +0.0008 +0.0118 -0.0206 +0.0027 -0.0019 -0.0131 -0.0102 -0.0124 +0.0455 +0.0044 +0.0124 -0.0037 +0.0012 +0.0022 +0.0099 -0.0115 -0.0134 +0.0299 +0.0072 -0.0147 +0.0018 +0.0092 -0.0085 +0.0060 +0.0218 +0.0419 +0.0132 -0.0007,1,1
-0.0058 +0.0008 +0.0118 -0.0206 +0.0027 -0.0019 -0.0131 -0.0102 -0.0124 +0.0455 +0.0044 +0.0124 -0.0037 +0.0012 +0.0022 +0.0099 -0.0115 -0.0134 +0.0299 +0.0072 -0.0147 +0.0018 +0.0092 -0.0085 +0.0060 +0.0218 +0.0419 +0.0132 -0.0007 +0.0143,1,1
+0.0008 +0.0118 -0.0206 +0.0027 -0.0019 -0.0131 -0.0102 -0.0124 +0.0455 +0.0044 +0.0124 -0.0037 +0.0012 +0.0022 +0.0099 -0.0115 -0.0134 +0.0299 +0.0072 -0.0147 +0.0018 +0.0092 -0.0085 +0.0060 +0.0218 +0.0419 +0.0132 -0.0007 +0.0143 +0.0062,0,1
+0.0118 -0.0206 +0.0027 -0.0019 -0.0131 -0.0102 -0.0124 +0.0455 +0.0044 +0.0124 -0.0037 +0.0012 +0.0022 +0.0099 -0.0115 -0.0134 +0.0299 +0.0072 -0.0147 +0.0018 +0.0092 -0.0085 +0.0060 +0.0218 +0.0419 +0.0132 -0.0007 +0.0143 +0.0062 -0.0173,1,1
-0.0206 +0.0027 -0.0019 -0.0131 -0.0102 -0.0124 +0.0455 +0.0044 +0.0124 -0.0037 +0.0012 +0.0022 +0.0099 -0.0115 -0.0134 +0.0299 +0.0072 -0.0147 +0.0018 +0.0092 -0.0085 +0.0060 +0.0218 +0.0419 +0.0132 -0.0007 +0.0143 +0.0062 -0.0173 +0.0082,1,1
+0.0027 -0.0019 -0.0131 -0.0102 -0.0124 +0.0455 +0.0044 +0.0124 -0.0037 +0.0012 +0.0022 +0.0099 -0.0115 -0.0134 +0.0299 +0.0072 -0.0147 +0.0018 +0.0092 -0.0085 +0.0060 +0.0218 +0.0419 +0.0132 -0.0007 +0.0143 +0.0062 -0.0173 +0.0082 +0.0046,0,1
-0.0019 -0.0131 -0.0102 -0.0124 +0.0455 +0.0044 +0.0124 -0.0037 +0.0012 +0.0022 +0.0099 -0.0115 -0.0134 +0.0299 +0.0072 -0.0147 +0.0018 +0.0092 -0.0085 +0.0060 +0.0218 +0.0419 +0.0132 -0.0007 +0.0143 +0.0062 -0.0173 +0.0082 +0.0046 -0.0108,0,1
-0.0131 -0.0102 -0.0124 +0.0455 +0.0044 +0.0124 -0.0037 +0.0012 +0.0022 +0.0099 -0.0115 -0.0134 +0.0299 +0.0072 -0.0147 +0.0018 +0.0092 -0.0085 +0.0060 +0.0218 +0.0419 +0.0132 -0.0007 +0.0143 +0.0062 -0.0173 +0.0082 +0.0046 -0.0108 -0.0005,0,1
-0.0102 -0.0124 +0.0455 +0.0044 +0.0124 -0.0037 +0.0012 +0.0022 +0.0099 -0.0115 -0.0134 +0.0299 +0.0072 -0.0147 +0.0018 +0.0092 -0.0085 +0.0060 +0.0218 +0.0419 +0.0132 -0.0007 +0.0143 +0.0062 -0.0173 +0.0082 +0.0046 -0.0108 -0.0005 -0.0054,1,1
-0.0124 +0.0455 +0.0044 +0.0124 -0.0037 +0.0012 +0.0022 +0.0099 -0.0115 -0.0134 +0.0299 +0.0072 -0.0147 +0.0018 +0.0092 -0.0085 +0.0060 +0.0218 +0.0419 +0.0132 -0.0007 +0.0143 +0.0062 -0.0173 +0.0082 +0.0046 -0.0108 -0.0005 -0.0054 +0.0012,1,1
+0.0455 +0.0044 +0.0124 -0.0037 +0.0012 +0.0022 +0.0099 -0.0115 -0.0134 +0.0299 +0.0072 -0.0147 +0.0018 +0.0092 -0.0085 +0.0060 +0.0218 +0.0419 +0.0132 -0.0007 +0.0143 +0.0062 -0.0173 +0.0082 +0.0046 -0.0108 -0.0005 -0.0054 +0.0012 +0.0218,0,1
+0.0044 +0.0124 -0.0037 +0.0012 +0.0022 +0.0099 -0.0115 -0.0134 +0.0299 +0.0072 -0.0147 +0.0018 +0.0092 -0.0085 +0.0060 +0.0218 +0.0419 +0.0132 -0.0007 +0.0143 +0.0062 -0.0173 +0.0082 +0.0046 -0.0108 -0.0005 -0.0054 +0.0012 +0.0218 -0.0103,0,1
+0.0124 -0.0037 +0.0012 +0.0022 +0.0099 -0.0115 -0.0134 +0.0299 +0.0072 -0.0147 +0.0018 +0.0092 -0.0085 +0.0060 +0.0218 +0.0419 +0.0132 -0.0007 +0.0143 +0.0062 -0.0173 +0.0082 +0.0046 -0.0108 -0.0005 -0.0054 +0.0012 +0.0218 -0.0103 -0.0033,0,1
-0.0037 +0.0012 +0.0022 +0.0099 -0.0115 -0.0134 +0.0299 +0.0072 -0.0147 +0.0018 +0.0092 -0.0085 +0.0060 +0.0218 +0.0419 +0.0132 -0.0007 +0.0143 +0.0062 -0.0173 +0.0082 +0.0046 -0.0108 -0.0005 -0.0054 +0.0012 +0.0218 -0.0103 -0.0033 -0.0062,1,1
+0.0012 +0.0022 +0.0099 -0.0115 -0.0134 +0.0299 +0.0072 -0.0147 +0.0018 +0.0092 -0.0085 +0.0060 +0.0218 +0.0419 +0.0132 -0.0007 +0.0143 +0.0062 -0.0173 +0.0082 +0.0046 -0.0108 -0.0005 -0.0054 +0.0012 +0.0218 -0.0103 -0.0033 -0.0062 +0.0026,1,1
+0.0022 +0.0099 -0.0115 -0.0134 +0.0299 +0.0072 -0.0147 +0.0018 +0.0092 -0.0085 +0.0060 +0.0218 +0.0419 +0.0132 -0.0007 +0.0143 +0.0062 -0.0173 +0.0082 +0.0046 -0.0108 -0.0005 -0.0054 +0.0012 +0.0218 -0.0103 -0.0033 -0.0062 +0.0026 +0.0127,0,1
+0.0099 -0.0115 -0.0134 +0.0299 +0.0072 -0.0147 +0.0018 +0.0092 -0.0085 +0.0060 +0.0218 +0.0419 +0.0132 -0.0007 +0.0143 +0.0062 -0.0173 +0.0082 +0.0046 -0.0108 -0.0005 -0.0054 +0.0012 +0.0218 -0.0103 -0.0033 -0.0062 +0.0026 +0.0127 -0.0128,0,1
-0.0115 -0.0134 +0.0299 +0.0072 -0.0147 +0.0018 +0.0092 -0.0085 +0.0060 +0.0218 +0.0419 +0.0132 -0.0007 +0.0143 +0.0062 -0.0173 +0.0082 +0.0046 -0.0108 -0.0005 -0.0054 +0.0012 +0.0218 -0.0103 -0.0033 -0.0062 +0.0026 +0.0127 -0.0128 -0.0000,0,1
-0.0134 +0.0299 +0.0072 -0.0147 +0.0018 +0.0092 -0.0085 +0.0060 +0.0218 +0.0419 +0.0132 -0.0007 +0.0143 +0.0062 -0.0173 +0.0082 +0.0046 -0.0108 -0.0005 -0.0054 +0.0012 +0.0218 -0.0103 -0.0033 -0.0062 +0.0026 +0.0127 -0.0128 -0.0000 -0.0008,0,1
+0.0299 +0.0072 -0.0147 +0.0018 +0.0092 -0.0085 +0.0060 +0.0218 +0.0419 +0.0132 -0.0007 +0.0143 +0.0062 -0.0173 +0.0082 +0.0046 -0.0108 -0.0005 -0.0054 +0.0012 +0.0218 -0.0103 -0.0033 -0.0062 +0.0026 +0.0127 -0.0128 -0.0000 -0.0008 -0.0176,0,1
+0.0072 -0.0147 +0.0018 +0.0092 -0.0085 +0.0060 +0.0218 +0.0419 +0.0132 -0.0007 +0.0143 +0.0062 -0.0173 +0.0082 +0.0046 -0.0108 -0.0005 -0.0054 +0.0012 +0.0218 -0.0103 -0.0033 -0.0062 +0.0026 +0.0127 -0.0128 -0.0000 -0.0008 -0.0176 -0.0211,0,1
-0.0147 +0.0018 +0.0092 -0.0085 +0.0060 +0.0218 +0.0419 +0.0132 -0.0007 +0.0143 +0.0062 -0.0173 +0.0082 +0.0046 -0.0108 -0.0005 -0.0054 +0.0012 +0.0218 -0.0103 -0.0033 -0.0062 +0.0026 +0.0127 -0.0128 -0.0000 -0.0008 -0.0176 -0.0211 -0.0070,1,1
+0.0018 +0.0092 -0.0085 +0.0060 +0.0218 +0.0419 +0.0132 -0.0007 +0.0143 +0.0062 -0.0173 +0.0082 +0.0046 -0.0108 -0.0005 -0.0054 +0.0012 +0.0218 -0.0103 -0.0033 -0.0062 +0.0026 +0.0127 -0.0128 -0.0000 -0.0008 -0.0176 -0.0211 -0.0070 +0.0150,1,1
+0.0092 -0.0085 +0.0060 +0.0218 +0.0419 +0.0132 -0.0007 +0.0143 +0.0062 -0.0173 +0.0082 +0.0046 -0.0108 -0.0005 -0.0054 +0.0012 +0.0218 -0.0103 -0.0033 -0.0062 +0.0026 +0.0127 -0.0128 -0.0000 -0.0008 -0.0176 -0.0211 -0.0070 +0.0150 +0.0075,0,1
-0.0085 +0.0060 +0.0218 +0.0419 +0.0132 -0.0007 +0.0143 +0.0062 -0.0173 +0.0082 +0.0046 -0.0108 -0.0005 -0.0054 +0.0012 +0.0218 -0.0103 -0.0033 -0.0062 +0.0026 +0.0127 -0.0128 -0.0000 -0.0008 -0.0176 -0.0211 -0.0070 +0.0150 +0.0075 -0.0081,1,1
+0.0060 +0.0218 +0.0419 +0.0132 -0.0007 +0.0143 +0.0062 -0.0173 +0.0082 +0.0046 -0.0108 -0.0005 -0.0054 +0.0012 +0.0218 -0.0103 -0.0033 -0.0062 +0.0026 +0.0127 -0.0128 -0.0000 -0.0008 -0.0176 -0.0211 -0.0070 +0.0150 +0.0075 -0.0081 +0.0078,1,1
+0.0218 +0.0419 +0.0132 -0.0007 +0.0143 +0.0062 -0.0173 +0.0082 +0.0046 -0.0108 -0.0005 -0.0054 +0.0012 +0.0218 -0.0103 -0.0033 -0.0062 +0.0026 +0.0127 -0.0128 -0.0000 -0.0008 -0.0176 -0.0211 -0.0070 +0.0150 +0.0075 -0.0081 +0.0078 +0.0215,0,1
+0.0419 +0.0132 -0.0007 +0.0143 +0.0062 -0.0173 +0.0082 +0.0046 -0.0108 -0.0005 -0.0054 +0.0012 +0.0218 -0.0103 -0.0033 -0.0062 +0.0026 +0.0127 -0.0128 -0.0000 -0.0008 -0.0176 -0.0211 -0.0070 +0.0150 +0.0075 -0.0081 +0.0078 +0.0215 -0.0069,0,1
+0.0132 -0.0007 +0.0143 +0.0062 -0.0173 +0.0082 +0.0046 -0.0108 -0.0005 -0.0054 +0.0012 +0.0218 -0.0103 -0.0033 -0.0062 +0.0026 +0.0127 -0.0128 -0.0000 -0.0008 -0.0176 -0.0211 -0.0070 +0.0150 +0.0075 -0.0081 +0.0078 +0.0215 -0.0069 -0.0016,1,1
-0.0007 +0.0143 +0.0062 -0.0173 +0.0082 +0.0046 -0.0108 -0.0005 -0.0054 +0.0012 +0.0218 -0.0103 -0.0033 -0.0062 +0.0026 +0.0127 -0.0128 -0.0000 -0.0008 -0.0176 -0.0211 -0.0070 +0.0150 +0.0075 -0.0081 +0.0078 +0.0215 -0.0069 -0.0016 +0.0241,0,1
+0.0143 +0.0062 -0.0173 +0.0082 +0.0046 -0.0108 -0.0005 -0.0054 +0.0012 +0.0218 -0.0103 -0.0033 -0.0062 +0.0026 +0.0127 -0.0128 -0.0000 -0.0008 -0.0176 -0.0211 -0.0070 +0.0150 +0.0075 -0.0081 +0.0078 +0.0215 -0.0069 -0.0016 +0.0241 -0.0048,1,1
+0.0062 -0.0173 +0.0082 +0.0046 -0.0108 -0.0005 -0.0054 +0.0012 +0.0218 -0.0103 -0.0033 -0.0062 +0.0026 +0.0127 -0.0128 -0.0000 -0.0008 -0.0176 -0.0211 -0.0070 +0.0150 +0.0075 -0.0081 +0.0078 +0.0215 -0.0069 -0.0016 +0.0241 -0.0048 +0.0121,1,1
-0.0173 +0.0082 +0.0046 -0.0108 -0.0005 -0.0054 +0.0012 +0.0218 -0.0103 -0.0033 -0.0062 +0.0026 +0.0127 -0.0128 -0.0000 -0.0008 -0.0176 -0.0211 -0.0070 +0.0150 +0.0075 -0.0081 +0.0078 +0.0215 -0.0069 -0.0016 +0.0241 -0.0048 +0.0121 +0.0264,0,1
+0.0082 +0.0046 -0.0108 -0.0005 -0.0054 +0.0012 +0.0218 -0.0103 -0.0033 -0.0062 +0.0026 +0.0127 -0.0128 -0.0000 -0.0008 -0.0176 -0.0211 -0.0070 +0.0150 +0.0075 -0.0081 +0.0078 +0.0215 -0.0069 -0.0016 +0.0241 -0.0048 +0.0121 +0.0264 -0.0404,0,1
+0.0046 -0.0108 -0.0005 -0.0054 +0.0012 +0.0218 -0.0103 -0.0033 -0.0062 +0.0026 +0.0127 -0.0128 -0.0000 -0.0008 -0.0176 -0.0211 -0.0070 +0.0150 +0.0075 -0.0081 +0.0078 +0.0215 -0.0069 -0.0016 +0.0241 -0.0048 +0.0121 +0.0264 -0.0404 -0.0081,1,1
-0.0108 -0.0005 -0.0054 +0.0012 +0.0218 -0.0103 -0.0033 -0.0062 +0.0026 +0.0127 -0.0128 -0.0000 -0.0008 -0.0176 -0.0211 -0.0070 +0.0150 +0.0075 -0.0081 +0.0078 +0.0215 -0.0069 -0.0016 +0.0241 -0.0048 +0.0121 +0.0264 -0.0404 -0.0081 +0.0008,0,1
-0.0005 -0.0054 +0.0012 +0.0218 -0.0103 -0.0033 -0.0062 +0.0026 +0.0127 -0.0128 -0.0000 -0.0008 -0.0176 -0.0211 -0.0070 +0.0150 +0.0075 -0.0081 +0.0078 +0.0215 -0.0069 -0.0016 +0.0241 -0.0048 +0.0121 +0.0264 -0.0404 -0.0081 +0.0008 -0.0003,0,1
-0.0054 +0.0012 +0.0218 -0.0103 -0.0033 -0.0062 +0.0026 +0.0127 -0.0128 -0.0000 -0.0008 -0.0176 -0.0211 -0.0070 +0.0150 +0.0075 -0.0081 +0.0078 +0.0215 -0.0069 -0.0016 +0.0241 -0.0048 +0.0121 +0.0264 -0.0404 -0.0081 +0.0008 -0.0003 -0.0102,0,1
+0.0012 +0.0218 -0.0103 -0.0033 -0.0062 +0.0026 +0.0127 -0.0128 -0.0000 -0.0008 -0.0176 -0.0211 -0.0070 +0.0150 +0.0075 -0.0081 +0.0078 +0.0215 -0.0069 -0.0016 +0.0241 -0.0048 +0.0121 +0.0264 -0.0404 -0.0081 +0.0008 -0.0003 -0.0102 -0.0294,1,1
+0.0218 -0.0103 -0.0033 -0.0062 +0.0026 +0.0127 -0.0128 -0.0000 -0.0008 -0.0176 -0.0211 -0.0070 +0.0150 +0.0075 -0.0081 +0.0078 +0.0215 -0.0069 -0.0016 +0.0241 -0.0048 +0.0121 +0.0264 -0.0404 -0.0081 +0.0008 -0.0003 -0.0102 -0.0294 +0.0128,0,1
-0.0103 -0.0033 -0.0062 +0.0026 +0.0127 -0.0128 -0.0000 -0.0008 -0.0176 -0.0211 -0.0070 +0.0150 +0.0075 -0.0081 +0.0078 +0.0215 -0.0069 -0.0016 +0.0241 -0.0048 +0.0121 +0.0264 -0.0404 -0.0081 +0.0008 -0.0003 -0.0102 -0.0294 +0.0128 -0.0162,1,1
-0.0033 -0.0062 +0.0026 +0.0127 -0.0128 -0.0000 -0.0008 -0.0176 -0.0211 -0.0070 +0.0150 +0.0075 -0.0081 +0.0078 +0.0215 -0.0069 -0.0016 +0.0241 -0.0048 +0.0121 +0.0264 -0.0404 -0.0081 +0.0008 -0.0003 -0.0102 -0.0294 +0.0128 -0.0162 +0.0396,0,1
-0.0062 +0.0026 +0.0127 -0.0128 -0.0000 -0.0008 -0.0176 -0.0211 -0.0070 +0.0150 +0.0075 -0.0081 +0.0078 +0.0215 -0.0069 -0.0016 +0.0241 -0.0048 +0.0121 +0.0264 -0.0404 -0.0081 +0.0008 -0.0003 -0.0102 -0.0294 +0.0128 -0.0162 +0.0396 -0.0128,0,1
+0.0026 +0.0127 -0.0128 -0.0000 -0.0008 -0.0176 -0.0211 -0.0070 +0.0150 +0.0075 -0.0081 +0.0078 +0.0215 -0.0069 -0.0016 +0.0241 -0.0048 +0.0121 +0.0264 -0.0404 -0.0081 +0.0008 -0.0003 -0.0102 -0.0294 +0.0128 -0.0162 +0.0396 -0.0128 -0.0166,0,1
+0.0127 -0.0128 -0.0000 -0.0008 -0.0176 -0.0211 -0.0070 +0.0150 +0.0075 -0.0081 +0.0078 +0.0215 -0.0069 -0.0016 +0.0241 -0.0048 +0.0121 +0.0264 -0.0404 -0.0081 +0.0008 -0.0003 -0.0102 -0.0294 +0.0128 -0.0162 +0.0396 -0.0128 -0.0166 -0.0294,1,1
-0.0128 -0.0000 -0.0008 -0.0176 -0.0211 -0.0070 +0.0150 +0.0075 -0.0081 +0.0078 +0.0215 -0.0069 -0.0016 +0.0241 -0.0048 +0.0121 +0.0264 -0.0404 -0.0081 +0.0008 -0.0003 -0.0102 -0.0294 +0.0128 -0.0162 +0.0396 -0.0128 -0.0166 -0.0294 +0.0152,0,1
-0.0000 -0.0008 -0.0176 -0.0211 -0.0070 +0.0150 +0.0075 -0.0081 +0.0078 +0.0215 -0.0069 -0.0016 +0.0241 -0.0048 +0.0121 +0.0264 -0.0404 -0.0081 +0.0008 -0.0003 -0.0102 -0.0294 +0.0128 -0.0162 +0.0396 -0.0128 -0.0166 -0.0294 +0.0152 -0.0052,1,1
-0.0008 -0.0176 -0.0211 -0.0070 +0.0150 +0.0075 -0.0081 +0.0078 +0.0215 -0.0069 -0.0016 +0.0241 -0.0048 +0.0121 +0.0264 -0.0404 -0.0081 +0.0008 -0.0003 -0.0102 -0.0294 +0.0128 -0.0162 +0.0396 -0.0128 -0.0166 -0.0294 +0.0152 -0.0052 +0.0119,0,1
-0.0176 -0.0211 -0.0070 +0.0150 +0.0075 -0.0081 +0.0078 +0.0215 -0.0069 -0.0016 +0.0241 -0.0048 +0.0121 +0.0264 -0.0404 -0.0081 +0.0008 -0.0003 -0.0102 -0.0294 +0.0128 -0.0162 +0.0396 -0.0128 -0.0166 -0.0294 +0.0152 -0.0052 +0.0119 -0.0367,1,1
-0.0211 -0.0070 +0.0150 +0.0075 -0.0081 +0.0078 +0.0215 -0.0069 -0.0016 +0.0241 -0.0048 +0.0121 +0.0264 -0.0404 -0.0081 +0.0008 -0.0003 -0.0102 -0.0294 +0.0128 -0.0162 +0.0396 -0.0128 -0.0166 -0.0294 +0.0152 -0.0052 +0.0119 -0.0367 +0.0037,0,1
-0.0070 +0.0150 +0.0075 -0.0081 +0.0078 +0.0215 -0.0069 -0.0016 +0.0241 -0.0048 +0.0121 +0.0264 -0.0404 -0.0081 +0.0008 -0.0003 -0.0102 -0.0294 +0.0128 -0.0162 +0.0396 -0.0128 -0.0166 -0.0294 +0.0152 -0.0052 +0.0119 -0.0367 +0.0037 -0.0053,1,1
+0.0150 +0.0075 -0.0081 +0.0078 +0.0215 -0.0069 -0.0016 +0.0241 -0.0048 +0.0121 +0.0264 -0.0404 -0.0081 +0.0008 -0.0003 -0.0102 -0.0294 +0.0128 -0.0162 +0.0396 -0.0128 -0.0166 -0.0294 +0.0152 -0.0052 +0.0119 -0.0367 +0.0037 -0.0053 +0.0094,1,1
+0.0075 -0.0081 +0.0078 +0.0215 -0.0069 -0.0016 +0.0241 -0.0048 +0.0121 +0.0264 -0.0404 -0.0081 +0.0008 -0.0003 -0.0102 -0.0294 +0.0128 -0.0162 +0.0396 -0.0128 -0.0166 -0.0294 +0.0152 -0.0052 +0.0119 -0.0367 +0.0037 -0.0053 +0.0094 +0.0178,1,1
-0.0081 +0.0078 +0.0215 -0.0069 -0.0016 +0.0241 -0.0048 +0.0121 +0.0264 -0.0404 -0.0081 +0.0008 -0.0003 -0.0102 -0.0294 +0.0128 -0.0162 +0.0396 -0.0128 -0.0166 -0.0294 +0.0152 -0.0052 +0.0119 -0.0367 +0.0037 -0.0053 +0.0094 +0.0178 +0.0047,0,1
+0.0078 +0.0215 -0.0069 -0.0016 +0.0241 -0.0048 +0.0121 +0.0264 -0.0404 -0.0081 +0.0008 -0.0003 -0.0102 -0.0294 +0.0128 -0.0162 +0.0396 -0.0128 -0.0166 -0.0294 +0.0152 -0.0052 +0.0119 -0.0367 +0.0037 -0.0053 +0.0094 +0.0178 +0.0047 -0.0089,0,1
+0.0215 -0.0069 -0.0016 +0.0241 -0.0048 +0.0121 +0.0264 -0.0404 -0.0081 +0.0008 -0.0003 -0.0102 -0.0294 +0.0128 -0.0162 +0.0396 -0.0128 -0.0166 -0.0294 +0.0152 -0.0052 +0.0119 -0.0367 +0.0037 -0.0053 +0.0094 +0.0178 +0.0047 -0.0089 -0.0007,0,1
-0.0069 -0.0016 +0.0241 -0.0048 +0.0121 +0.0264 -0.0404 -0.0081 +0.0008 -0.0003 -0.0102 -0.0294 +0.0128 -0.0162 +0.0396 -0.0128 -0.0166 -0.0294 +0.0152 -0.0052 +0.0119 -0.0367 +0.0037 -0.0053 +0.0094 +0.0178 +0.0047 -0.0089 -0.0007 -0.0039,1,1
-0.0016 +0.0241 -0.0048 +0.0121 +0.0264 -0.0404 -0.0081 +0.0008 -0.0003 -0.0102 -0.0294 +0.0128 -0.0162 +0.0396 -0.0128 -0.0166 -0.0294 +0.0152 -0.0052 +0.0119 -0.0367 +0.0037 -0.0053 +0.0094 +0.0178 +0.0047 -0.0089 -0.0007 -0.0039 +0.0086,1,1
+0.0241 -0.0048 +0.0121 +0.0264 -0.0404 -0.0081 +0.0008 -0.0003 -0.0102 -0.0294 +0.0128 -0.0162 +0.0396 -0.0128 -0.0166 -0.0294 +0.0152 -0.0052 +0.0119 -0.0367 +0.0037 -0.0053 +0.0094 +0.0178 +0.0047 -0.0089 -0.0007 -0.0039 +0.0086 +0.0081,0,1
-0.0048 +0.0121 +0.0264 -0.0404 -0.0081 +0.0008 -0.0003 -0.0102 -0.0294 +0.0128 -0.0162 +0.0396 -0.0128 -0.0166 -0.0294 +0.0152 -0.0052 +0.0119 -0.0367 +0.0037 -0.0053 +0.0094 +0.0178 +0.0047 -0.0089 -0.0007 -0.0039 +0.0086 +0.0081 -0.0048,1,1
+0.0121 +0.0264 -0.0404 -0.0081 +0.0008 -0.0003 -0.0102 -0.0294 +0.0128 -0.0162 +0.0396 -0.0128 -0.0166 -0.0294 +0.0152 -0.0052 +0.0119 -0.0367 +0.0037 -0.0053 +0.0094 +0.0178 +0.0047 -0.0089 -0.0007 -0.0039 +0.0086 +0.0081 -0.0048 +0.0217,1,1
+0.0264 -0.0404 -0.0081 +0.0008 -0.0003 -0.0102 -0.0294 +0.0128 -0.0162 +0.0396 -0.0128 -0.0166 -0.0294 +0.0152 -0.0052 +0.0119 -0.0367 +0.0037 -0.0053 +0.0094 +0.0178 +0.0047 -0.0089 -0.0007 -0.0039 +0.0086 +0.0081 -0.0048 +0.0217 +0.0136,1,1
-0.0404 -0.0081 +0.0008 -0.0003 -0.0102 -0.0294 +0.0128 -0.0162 +0.0396 -0.0128 -0.0166 -0.0294 +0.0152 -0.0052 +0.0119 -0.0367 +0.0037 -0.0053 +0.0094 +0.0178 +0.0047 -0.0089 -0.0007 -0.0039 +0.0086 +0.0081 -0.0048 +0.0217 +0.0136 +0.0051,0,1
-0.0081 +0.0008 -0.0003 -0.0102 -0.0294 +0.0128 -0.0162 +0.0396 -0.0128 -0.0166 -0.0294 +0.0152 -0.0052 +0.0119 -0.0367 +0.0037 -0.0053 +0.0094 +0.0178 +0.0047 -0.0089 -0.0007 -0.0039 +0.0086 +0.0081 -0.0048 +0.0217 +0.0136 +0.0051 -0.0013,0,1
+0.0008 -0.0003 -0.0102 -0.0294 +0.0128 -0.0162 +0.0396 -0.0128 -0.0166 -0.0294 +0.0152 -0.0052 +0.0119 -0.0367 +0.0037 -0.0053 +0.0094 +0.0178 +0.0047 -0.0089 -0.0007 -0.0039 +0.0086 +0.0081 -0.0048 +0.0217 +0.0136 +0.0051 -0.0013 -0.0047,1,1
-0.0003 -0.0102 -0.0294 +0.0128 -0.0162 +0.0396 -0.0128 -0.0166 -0.0294 +0.0152 -0.0052 +0.0119 -0.0367 +0.0037 -0.0053 +0.0094 +0.0178 +0.0047 -0.0089 -0.0007 -0.0039 +0.0086 +0.0081 -0.0048 +0.0217 +0.0136 +0.0051 -0.0013 -0.0047 +0.0003,1,1
-0.0102 -0.0294 +0.0128 -0.0162 +0.0396 -0.0128 -0.0166 -0.0294 +0.0152 -0.0052 +0.0119 -0.0367 +0.0037 -0.0053 +0.0094 +0.0178 +0.0047 -0.0089 -0.0007 -0.0039 +0.0086 +0.0081 -0.0048 +0.0217 +0.0136 +0.0051 -0.0013 -0.0047 +0.0003 +0.0121,0,1
-0.0294 +0.0128 -0.0162 +0.0396 -0.0128 -0.0166 -0.0294 +0.0152 -0.0052 +0.0119 -0.0367 +0.0037 -0.0053 +0.0094 +0.0178 +0.0047 -0.0089 -0.0007 -0.0039 +0.0086 +0.0081 -0.0048 +0.0217 +0.0136 +0.0051 -0.0013 -0.0047 +0.0003 +0.0121 -0.0032,1,1
+0.0128 -0.0162 +0.0396 -0.0128 -0.0166 -0.0294 +0.0152 -0.0052 +0.0119 -0.0367 +0.0037 -0.0053 +0.0094 +0.0178 +0.0047 -0.0089 -0.0007 -0.0039 +0.0086 +0.0081 -0.0048 +0.0217 +0.0136 +0.0051 -0.0013 -0.0047 +0.0003 +0.0121 -0.0032 +0.0057,0,1
-0.0162 +0.0396 -0.0128 -0.0166 -0.0294 +0.0152 -0.0052 +0.0119 -0.0367 +0.0037 -0.0053 +0.0094 +0.0178 +0.0047 -0.0089 -0.0007 -0.0039 +0.0086 +0.0081 -0.0048 +0.0217 +0.0136 +0.0051 -0.0013 -0.0047 +0.0003 +0.0121 -0.0032 +0.0057 -0.0124,1,1
+0.0396 -0.0128 -0.0166 -0.0294 +0.0152 -0.0052 +0.0119 -0.0367 +0.0037 -0.0053 +0.0094 +0.0178 +0.0047 -0.0089 -0.0007 -0.0039 +0.0086 +0.0081 -0.0048 +0.0217 +0.0136 +0.0051 -0.0013 -0.0047 +0.0003 +0.0121 -0.0032 +0.0057 -0.0124 +0.0003,0,1
-0.0128 -0.0166 -0.0294 +0.0152 -0.0052 +0.0119 -0.0367 +0.0037 -0.0053 +0.0094 +0.0178 +0.0047 -0.0089 -0.0007 -0.0039 +0.0086 +0.0081 -0.0048 +0.0217 +0.0136 +0.0051 -0.0013 -0.0047 +0.0003 +0.0121 -0.0032 +0.0057 -0.0124 +0.0003 -0.0036,0,1
-0.0166 -0.0294 +0.0152 -0.0052 +0.0119 -0.0367 +0.0037 -0.0053 +0.0094 +0.0178 +0.0047 -0.0089 -0.0007 -0.0039 +0.0086 +0.0081 -0.0048 +0.0217 +0.0136 +0.0051 -0.0013 -0.0047 +0.0003 +0.0121 -0.0032 +0.0057 -0.0124 +0.0003 -0.0036 -0.0222,0,1
-0.0294 +0.0152 -0.0052 +0.0119 -0.0367 +0.0037 -0.0053 +0.0094 +0.0178 +0.0047 -0.0089 -0.0007 -0.0039 +0.0086 +0.0081 -0.0048 +0.0217 +0.0136 +0.0051 -0.0013 -0.0047 +0.0003 +0.0121 -0.0032 +0.0057 -0.0124 +0.0003 -0.0036 -0.0222 -0.0065,1,1
+0.0152 -0.0052 +0.0119 -0.0367 +0.0037 -0.0053 +0.0094 +0.0178 +0.0047 -0.0089 -0.0007 -0.0039 +0.0086 +0.0081 -0.0048 +0.0217 +0.0136 +0.0051 -0.0013 -0.0047 +0.0003 +0.0121 -0.0032 +0.0057 -0.0124 +0.0003 -0.0036 -0.0222 -0.0065 +0.0117,0,1
-0.0052 +0.0119 -0.0367 +0.0037 -0.0053 +0.0094 +0.0178 +0.0047 -0.0089 -0.0007 -0.0039 +0.0086 +0.0081 -0.0048 +0.0217 +0.0136 +0.0051 -0.0013 -0.0047 +0.0003 +0.0121 -0.0032 +0.0057 -0.0124 +0.0003 -0.0036 -0.0222 -0.0065 +0.0117 -0.0378,1,1
+0.0119 -0.0367 +0.0037 -0.0053 +0.0094 +0.0178 +0.0047 -0.0089 -0.0007 -0.0039 +0.0086 +0.0081 -0.0048 +0.0217 +0.0136 +0.0051 -0.0013 -0.0047 +0.0003 +0.0121 -0.0032 +0.0057 -0.0124 +0.0003 -0.0036 -0.0222 -0.0065 +0.0117 -0.0378 +0.0061,0,1
-0.0367 +0.0037 -0.0053 +0.0094 +0.0178 +0.0047 -0.0089 -0.0007 -0.0039 +0.0086 +0.0081 -0.0048 +0.0217 +0.0136 +0.0051 -0.0013 -0.0047 +0.0003 +0.0121 -0.0032 +0.0057 -0.0124 +0.0003 -0.0036 -0.0222 -0.0065 +0.0117 -0.0378 +0.0061 -0.0003,1,1
+0.0037 -0.0053 +0.0094 +0.0178 +0.0047 -0.0089 -0.0007 -0.0039 +0.0086 +0.0081 -0.0048 +0.0217 +0.0136 +0.0051 -0.0013 -0.0047 +0.0003 +0.0121 -0.0032 +0.0057 -0.0124 +0.0003 -0.0036 -0.0222 -0.0065 +0.0117 -0.0378 +0.0061 -0.0003 +0.0223,1,1
-0.0053 +0.0094 +0.0178 +0.0047 -0.0089 -0.0007 -0.0039 +0.0086 +0.0081 -0.0048 +0.0217 +0.0136 +0.0051 -0.0013 -0.0047 +0.0003 +0.0121 -0.0032 +0.0057 -0.0124 +0.0003 -0.0036 -0.0222 -0.0065 +0.0117 -0.0378 +0.0061 -0.0003 +0.0223 +0.0203,0,1
+0.0094 +0.0178 +0.0047 -0.0089 -0.0007 -0.0039 +0.0086 +0.0081 -0.0048 +0.0217 +0.0136 +0.0051 -0.0013 -0.0047 +0.0003 +0.0121 -0.0032 +0.0057 -0.0124 +0.0003 -0.0036 -0.0222 -0.0065 +0.0117 -0.0378 +0.0061 -0.0003 +0.0223 +0.0203 -0.0030,1,1
+0.0178 +0.0047 -0.0089 -0.0007 -0.0039 +0.0086 +0.0081 -0.0048 +0.0217 +0.0136 +0.0051 -0.0013 -0.0047 +0.0003 +0.0121 -0.0032 +0.0057 -0.0124 +0.0003 -0.0036 -0.0222 -0.0065 +0.0117 -0.0378 +0.0061 -0.0003 +0.0223 +0.0203 -0.0030 +0.0403,1,1
+0.0047 -0.0089 -0.0007 -0.0039 +0.0086 +0.0081 -0.0048 +0.0217 +0.0136 +0.0051 -0.0013 -0.0047 +0.0003 +0.0121 -0.0032 +0.0057 -0.0124 +0.0003 -0.0036 -0.0222 -0.0065 +0.0117 -0.0378 +0.0061 -0.0003 +0.0223 +0.0203 -0.0030 +0.0403 +0.0171,1,1
-0.0089 -0.0007 -0.0039 +0.0086 +0.0081 -0.0048 +0.0217 +0.0136 +0.0051 -0.0013 -0.0047 +0.0003 +0.0121 -0.0032 +0.0057 -0.0124 +0.0003 -0.0036 -0.0222 -0.0065 +0.0117 -0.0378 +0.0061 -0.0003 +0.0223 +0.0203 -0.0030 +0.0403 +0.0171 +0.0131,1,1
-0.0007 -0.0039 +0.0086 +0.0081 -0.0048 +0.0217 +0.0136 +0.0051 -0.0013 -0.0047 +0.0003 +0.0121 -0.0032 +0.0057 -0.0124 +0.0003 -0.0036 -0.0222 -0.0065 +0.0117 -0.0378 +0.0061 -0.0003 +0.0223 +0.0203 -0.0030 +0.0403 +0.0171 +0.0131 +0.0013,1,1
-0.0039 +0.0086 +0.0081 -0.0048 +0.0217 +0.0136 +0.0051 -0.0013 -0.0047 +0.0003 +0.0121 -0.0032 +0.0057 -0.0124 +0.0003 -0.0036 -0.0222 -0.0065 +0.0117 -0.0378 +0.0061 -0.0003 +0.0223 +0.0203 -0.0030 +0.0403 +0.0171 +0.0131 +0.0013 +0.0089,1,1
+0.0086 +0.0081 -0.0048 +0.0217 +0.0136 +0.0051 -0.0013 -0.0047 +0.0003 +0.0121 -0.0032 +0.0057 -0.0124 +0.0003 -0.0036 -0.0222 -0.0065 +0.0117 -0.0378 +0.0061 -0.0003 +0.0223 +0.0203 -0.0030 +0.0403 +0.0171 +0.0131 +0.0013 +0.0089 +0.0100,0,1
+0.0081 -0.0048 +0.0217 +0.0136 +0.0051 -0.0013 -0.0047 +0.0003 +0.0121 -0.0032 +0.0057 -0.0124 +0.0003 -0.0036 -0.0222 -0.0065 +0.0117 -0.0378 +0.0061 -0.0003 +0.0223 +0.0203 -0.0030 +0.0403 +0.0171 +0.0131 +0.0013 +0.0089 +0.0100 -0.0265,1,1
-0.0048 +0.0217 +0.0136 +0.0051 -0.0013 -0.0047 +0.0003 +0.0121 -0.0032 +0.0057 -0.0124 +0.0003 -0.0036 -0.0222 -0.0065 +0.0117 -0.0378 +0.0061 -0.0003 +0.0223 +0.0203 -0.0030 +0.0403 +0.0171 +0.0131 +0.0013 +0.0089 +0.0100 -0.0265 +0.0157,0,1
+0.0217 +0.0136 +0.0051 -0.0013 -0.0047 +0.0003 +0.0121 -0.0032 +0.0057 -0.0124 +0.0003 -0.0036 -0.0222 -0.0065 +0.0117 -0.0378 +0.0061 -0.0003 +0.0223 +0.0203 -0.0030 +0.0403 +0.0171 +0.0131 +0.0013 +0.0089 +0.0100 -0.0265 +0.0157 -0.0134,0,1
+0.0136 +0.0051 -0.0013 -0.0047 +0.0003 +0.0121 -0.0032 +0.0057 -0.0124 +0.0003 -0.0036 -0.0222 -0.0065 +0.0117 -0.0378 +0.0061 -0.0003 +0.0223 +0.0203 -0.0030 +0.0403 +0.0171 +0.0131 +0.0013 +0.0089 +0.0100 -0.0265 +0.0157 -0.0134 -0.0698,0,1
+0.0051 -0.0013 -0.0047 +0.0003 +0.0121 -0.0032 +0.0057 -0.0124 +0.0003 -0.0036 -0.0222 -0.0065 +0.0117 -0.0378 +0.0061 -0.0003 +0.0223 +0.0203 -0.0030 +0.0403 +0.0171 +0.0131 +0.0013 +0.0089 +0.0100 -0.0265 +0.0157 -0.0134 -0.0698 -0.0213,1,1
-0.0013 -0.0047 +0.0003 +0.0121 -0.0032 +0.0057 -0.0124 +0.0003 -0.0036 -0.0222 -0.0065 +0.0117 -0.0378 +0.0061 -0.0003 +0.0223 +0.0203 -0.0030 +0.0403 +0.0171 +0.0131 +0.0013 +0.0089 +0.0100 -0.0265 +0.0157 -0.0134 -0.0698 -0.0213 +0.0394,1,1
-0.0047 +0.0003 +0.0121 -0.0032 +0.0057 -0.0124 +0.0003 -0.0036 -0.0222 -0.0065 +0.0117 -0.0378 +0.0061 -0.0003 +0.0223 +0.0203 -0.0030 +0.0403 +0.0171 +0.0131 +0.0013 +0.0089 +0.0100 -0.0265 +0.0157 -0.0134 -0.0698 -0.0213 +0.0394 +0.0009,0,1
+0.0003 +0.0121 -0.0032 +0.0057 -0.0124 +0.0003 -0.0036 -0.0222 -0.0065 +0.0117 -0.0378 +0.0061 -0.0003 +0.0223 +0.0203 -0.0030 +0.0403 +0.0171 +0.0131 +0.0013 +0.0089 +0.0100 -0.0265 +0.0157 -0.0134 -0.0698 -0.0213 +0.0394 +0.0009 -0.0187,0,1
+0.0121 -0.0032 +0.0057 -0.0124 +0.0003 -0.0036 -0.0222 -0.0065 +0.0117 -0.0378 +0.0061 -0.0003 +0.0223 +0.0203 -0.0030 +0.0403 +0.0171 +0.0131 +0.0013 +0.0089 +0.0100 -0.0265 +0.0157 -0.0134 -0.0698 -0.0213 +0.0394 +0.0009 -0.0187 -0.0206,0,1
-0.0032 +0.0057 -0.0124 +0.0003 -0.0036 -0.0222 -0.0065 +0.0117 -0.0378 +0.0061 -0.0003 +0.0223 +0.0203 -0.0030 +0.0403 +0.0171 +0.0131 +0.0013 +0.0089 +0.0100 -0.0265 +0.0157 -0.0134 -0.0698 -0.0213 +0.0394 +0.0009 -0.0187 -0.0206 -0.0234,0,1
+0.0057 -0.0124 +0.0003 -0.0036 -0.0222 -0.0065 +0.0117 -0.0378 +0.0061 -0.0003 +0.0223 +0.0203 -0.0030 +0.0403 +0.0171 +0.0131 +0.0013 +0.0089 +0.0100 -0.0265 +0.0157 -0.0134 -0.0698 -0.0213 +0.0394 +0.0009 -0.0187 -0.0206 -0.0234 -0.0159,1,1
-0.0124 +0.0003 -0.0036 -0.0222 -0.0065 +0.0117 -0.0378 +0.0061 -0.0003 +0.0223 +0.0203 -0.0030 +0.0403 +0.0171 +0.0131 +0.0013 +0.0089 +0.0100 -0.0265 +0.0157 -0.0134 -0.0698 -0.0213 +0.0394 +0.0009 -0.0187 -0.0206 -0.0234 -0.0159 +0.0069,1,1
+0.0003 -0.0036 -0.0222 -0.0065 +0.0117 -0.0378 +0.0061 -0.0003 +0.0223 +0.0203 -0.0030 +0.0403 +0.0171 +0.0131 +0.0013 +0.0089 +0.0100 -0.0265 +0.0157 -0.0134 -0.0698 -0.0213 +0.0394 +0.0009 -0.0187 -0.0206 -0.0234 -0.0159 +0.0069 +0.0137,1,1
-0.0036 -0.0222 -0.0065 +0.0117 -0.0378 +0.0061 -0.0003 +0.0223 +0.0203 -0.0030 +0.0403 +0.0171 +0.0131 +0.0013 +0.0089 +0.0100 -0.0265 +0.0157 -0.0134 -0.0698 -0.0213 +0.0394 +0.0009 -0.0187 -0.0206 -0.0234 -0.0159 +0.0069 +0.0137 +0.0177,0,1
-0.0222 -0.0065 +0.0117 -0.0378 +0.0061 -0.0003 +0.0223 +0.0203 -0.0030 +0.0403 +0.0171 +0.0131 +0.0013 +0.0089 +0.0100 -0.0265 +0.0157 -0.0134 -0.0698 -0.0213 +0.0394 +0.0009 -0.0187 -0.0206 -0.0234 -0.0159 +0.0069 +0.0137 +0.0177 -0.0191,0,1
-0.0065 +0.0117 -0.0378 +0.0061 -0.0003 +0.0223 +0.0203 -0.0030 +0.0403 +0.0171 +0.0131 +0.0013 +0.0089 +0.0100 -0.0265 +0.0157 -0.0134 -0.0698 -0.0213 +0.0394 +0.0009 -0.0187 -0.0206 -0.0234 -0.0159 +0.0069 +0.0137 +0.0177 -0.0191 -0.0073,1,1
+0.0117 -0.0378 +0.0061 -0.0003 +0.0223 +0.0203 -0.0030 +0.0403 +0.0171 +0.0131 +0.0013 +0.0089 +0.0100 -0.0265 +0.0157 -0.0134 -0.0698 -0.0213 +0.0394 +0.0009 -0.0187 -0.0206 -0.0234 -0.0159 +0.0069 +0.0137 +0.0177 -0.0191 -0.0073 +0.0221,1,1
-0.0378 +0.0061 -0.0003 +0.0223 +0.0203 -0.0030 +0.0403 +0.0171 +0.0131 +0.0013 +0.0089 +0.0100 -0.0265 +0.0157 -0.0134 -0.0698 -0.0213 +0.0394 +0.0009 -0.0187 -0.0206 -0.0234 -0.0159 +0.0069 +0.0137 +0.0177 -0.0191 -0.0073 +0.0221 +0.0088,1,1
+0.0061 -0.0003 +0.0223 +0.0203 -0.0030 +0.0403 +0.0171 +0.0131 +0.0013 +0.0089 +0.0100 -0.0265 +0.0157 -0.0134 -0.0698 -0.0213 +0.0394 +0.0009 -0.0187 -0.0206 -0.0234 -0.0159 +0.0069 +0.0137 +0.0177 -0.0191 -0.0073 +0.0221 +0.0088 +0.0055,1,1
-0.0003 +0.0223 +0.0203 -0.0030 +0.0403 +0.0171 +0.0131 +0.0013 +0.0089 +0.0100 -0.0265 +0.0157 -0.0134 -0.0698 -0.0213 +0.0394 +0.0009 -0.0187 -0.0206 -0.0234 -0.0159 +0.0069 +0.0137 +0.0177 -0.0191 -0.0073 +0.0221 +0.0088 +0.0055 +0.0254,0,1
+0.0223 +0.0203 -0.0030 +0.0403 +0.0171 +0.0131 +0.0013 +0.0089 +0.0100 -0.0265 +0.0157 -0.0134 -0.0698 -0.0213 +0.0394 +0.0009 -0.0187 -0.0206 -0.0234 -0.0159 +0.0069 +0.0137 +0.0177 -0.0191 -0.0073 +0.0221 +0.0088 +0.0055 +0.0254 -0.0031,0,1
+0.0203 -0.0030 +0.0403 +0.0171 +0.0131 +0.0013 +0.0089 +0.0100 -0.0265 +0.0157 -0.0134 -0.0698 -0.0213 +0.0394 +0.0009 -0.0187 -0.0206 -0.0234 -0.0159 +0.0069 +0.0137 +0.0177 -0.0191 -0.0073 +0.0221 +0.0088 +0.0055 +0.0254 -0.0031 -0.0102,0,1
-0.0030 +0.0403 +0.0171 +0.0131 +0.0013 +0.0089 +0.0100 -0.0265 +0.0157 -0.0134 -0.0698 -0.0213 +0.0394 +0.0009 -0.0187 -0.0206 -0.0234 -0.0159 +0.0069 +0.0137 +0.0177 -0.0191 -0.0073 +0.0221 +0.0088 +0.0055 +0.0254 -0.0031 -0.0102 -0.0257,0,1
+0.0403 +0.0171 +0.0131 +0.0013 +0.0089 +0.0100 -0.0265 +0.0157 -0.0134 -0.0698 -0.0213 +0.0394 +0.0009 -0.0187 -0.0206 -0.0234 -0.0159 +0.0069 +0.0137 +0.0177 -0.0191 -0.0073 +0.0221 +0.0088 +0.0055 +0.0254 -0.0031 -0.0102 -0.0257 -0.0159,1,1
+0.0171 +0.0131 +0.0013 +0.0089 +0.0100 -0.0265 +0.0157 -0.0134 -0.0698 -0.0213 +0.0394 +0.0009 -0.0187 -0.0206 -0.0234 -0.0159 +0.0069 +0.0137 +0.0177 -0.0191 -0.0073 +0.0221 +0.0088 +0.0055 +0.0254 -0.0031 -0.0102 -0.0257 -0.0159 +0.0115,1,1
+0.0131 +0.0013 +0.0089 +0.0100 -0.0265 +0.0157 -0.0134 -0.0698 -0.0213 +0.0394 +0.0009 -0.0187 -0.0206 -0.0234 -0.0159 +0.0069 +0.0137 +0.0177 -0.0191 -0.0073 +0.0221 +0.0088 +0.0055 +0.0254 -0.0031 -0.0102 -0.0257 -0.0159 +0.0115 +0.0046,1,1
+0.0013 +0.0089 +0.0100 -0.0265 +0.0157 -0.0134 -0.0698 -0.0213 +0.0394 +0.0009 -0.0187 -0.0206 -0.0234 -0.0159 +0.0069 +0.0137 +0.0177 -0.0191 -0.0073 +0.0221 +0.0088 +0.0055 +0.0254 -0.0031 -0.0102 -0.0257 -0.0159 +0.0115 +0.0046 +0.0052,0,1
+0.0089 +0.0100 -0.0265 +0.0157 -0.0134 -0.0698 -0.0213 +0.0394 +0.0009 -0.0187 -0.0206 -0.0234 -0.0159 +0.0069 +0.0137 +0.0177 -0.0191 -0.0073 +0.0221 +0.0088 +0.0055 +0.0254 -0.0031 -0.0102 -0.0257 -0.0159 +0.0115 +0.0046 +0.0052 -0.0370,0,1
+0.0100 -0.0265 +0.0157 -0.0134 -0.0698 -0.0213 +0.0394 +0.0009 -0.0187 -0.0206 -0.0234 -0.0159 +0.0069 +0.0137 +0.0177 -0.0191 -0.0073 +0.0221 +0.0088 +0.0055 +0.0254 -0.0031 -0.0102 -0.0257 -0.0159 +0.0115 +0.0046 +0.0052 -0.0370 -0.0465,1,1
-0.0265 +0.0157 -0.0134 -0.0698 -0.0213 +0.0394 +0.0009 -0.0187 -0.0206 -0.0234 -0.0159 +0.0069 +0.0137 +0.0177 -0.0191 -0.0073 +0.0221 +0.0088 +0.0055 +0.0254 -0.0031 -0.0102 -0.0257 -0.0159 +0.0115 +0.0046 +0.0052 -0.0370 -0.0465 +0.0227,0,1
+0.0157 -0.0134 -0.0698 -0.0213 +0.0394 +0.0009 -0.0187 -0.0206 -0.0234 -0.0159 +0.0069 +0.0137 +0.0177 -0.0191 -0.0073 +0.0221 +0.0088 +0.0055 +0.0254 -0.0031 -0.0102 -0.0257 -0.0159 +0.0115 +0.0046 +0.0052 -0.0370 -0.0465 +0.0227 -0.0249,1,1
-0.0134 -0.0698 -0.0213 +0.0394 +0.0009 -0.0187 -0.0206 -0.0234 -0.0159 +0.0069 +0.0137 +0.0177 -0.0191 -0.0073 +0.0221 +0.0088 +0.0055 +0.0254 -0.0031 -0.0102 -0.0257 -0.0159 +0.0115 +0.0046 +0.0052 -0.0370 -0.0465 +0.0227 -0.0249 +0.0204,0,1
-0.0698 -0.0213 +0.0394 +0.0009 -0.0187 -0.0206 -0.0234 -0.0159 +0.0069 +0.0137 +0.0177 -0.0191 -0.0073 +0.0221 +0.0088 +0.0055 +0.0254 -0.0031 -0.0102 -0.0257 -0.0159 +0.0115 +0.0046 +0.0052 -0.0370 -0.0465 +0.0227 -0.0249 +0.0204 -0.0105,1,1
-0.0213 +0.0394 +0.0009 -0.0187 -0.0206 -0.0234 -0.0159 +0.0069 +0.0137 +0.0177 -0.0191 -0.0073 +0.0221 +0.0088 +0.0055 +0.0254 -0.0031 -0.0102 -0.0257 -0.0159 +0.0115 +0.0046 +0.0052 -0.0370 -0.0465 +0.0227 -0.0249 +0.0204 -0.0105 +0.0238,1,1
+0.0394 +0.0009 -0.0187 -0.0206 -0.0234 -0.0159 +0.0069 +0.0137 +0.0177 -0.0191 -0.0073 +0.0221 +0.0088 +0.0055 +0.0254 -0.0031 -0.0102 -0.0257 -0.0159 +0.0115 +0.0046 +0.0052 -0.0370 -0.0465 +0.0227 -0.0249 +0.0204 -0.0105 +0.0238 +0.0122,0,1
+0.0009 -0.0187 -0.0206 -0.0234 -0.0159 +0.0069 +0.0137 +0.0177 -0.0191 -0.0073 +0.0221 +0.0088 +0.0055 +0.0254 -0.0031 -0.0102 -0.0257 -0.0159 +0.0115 +0.0046 +0.0052 -0.0370 -0.0465 +0.0227 -0.0249 +0.0204 -0.0105 +0.0238 +0.0122 -0.0283,0,1
-0.0187 -0.0206 -0.0234 -0.0159 +0.0069 +0.0137 +0.0177 -0.0191 -0.0073 +0.0221 +0.0088 +0.0055 +0.0254 -0.0031 -0.0102 -0.0257 -0.0159 +0.0115 +0.0046 +0.0052 -0.0370 -0.0465 +0.0227 -0.0249 +0.0204 -0.0105 +0.0238 +0.0122 -0.0283 -0.0130,0,1
-0.0206 -0.0234 -0.0159 +0.0069 +0.0137 +0.0177 -0.0191 -0.0073 +0.0221 +0.0088 +0.0055 +0.0254 -0.0031 -0.0102 -0.0257 -0.0159 +0.0115 +0.0046 +0.0052 -0.0370 -0.0465 +0.0227 -0.0249 +0.0204 -0.0105 +0.0238 +0.0122 -0.0283 -0.0130 -0.0193,0,1
-0.0234 -0.0159 +0.0069 +0.0137 +0.0177 -0.0191 -0.0073 +0.0221 +0.0088 +0.0055 +0.0254 -0.0031 -0.0102 -0.0257 -0.0159 +0.0115 +0.0046 +0.0052 -0.0370 -0.0465 +0.0227 -0.0249 +0.0204 -0.0105 +0.0238 +0.0122 -0.0283 -0.0130 -0.0193 -0.0418,0,1
